Test Id,Lodgement file,ATO Alias,ATO Label,ATO Message - Short Description,Json Path,Comment,,,
1,STP Lodgement CDK01,PAYEVNTEMP260,Country Code,Country Code is invalid,Documents.Employees[1].Payee.PayrollPeriod.RemunerationCollection[1].AddressDetailsCountryCode,Country Code = au |Pay Date= 31/07/2020 | Income Stream Type = FEI |,,,
2,STP Lodgement CDK01,PAYEVNTEMP260,Country Code,Country Code is invalid,Documents.Employees[2].Payee.PayrollPeriod.RemunerationCollection[1].AddressDetailsCountryCode,Country Code = nf |Pay Date= 31/07/2020 | Income Stream Type = FEI |,,,
3,STP Lodgement CDK01,PAYEVNTEMP260,Country Code,Country Code is invalid,Documents.Employees[3].Payee.PayrollPeriod.RemunerationCollection[1].AddressDetailsCountryCode,Country Code = cx |Pay Date= 31/07/2020 | Income Stream Type = FEI |,,,
4,STP Lodgement CDK01,PAYEVNTEMP260,Country Code,Country Code is invalid,Documents.Employees[4].Payee.PayrollPeriod.RemunerationCollection[1].AddressDetailsCountryCode,Country Code = cc |Pay Date= 31/07/2020 | Income Stream Type = FEI |,,,
5,STP Lodgement CDK01,PAYEVNTEMP260,Country Code,Country Code is invalid,Documents.Employees[5].Payee.PayrollPeriod.RemunerationCollection[1].AddressDetailsCountryCode,Country Code = hm |Pay Date= 31/07/2020 | Income Stream Type = FEI |,,,
6,STP Lodgement CDK01,PAYEVNTEMP260,Country Code,Country Code is invalid,Documents.Employees[6].Payee.PayrollPeriod.RemunerationCollection[1].AddressDetailsCountryCode,Country Code = zz |Pay Date= 31/07/2020 | Income Stream Type = FEI |,,,
7,STP Lodgement CDK01,PAYEVNTEMP260,Country Code,Country Code must be left blank,Documents.Employees[7].Payee.PayrollPeriod.RemunerationCollection[1].AddressDetailsCountryCode,Income Stream Type = SAW and Country code = nz,,,
8,STP Lodgement CDK01,PAYEVNTEMP260,Country Code,Country Code must be left blank,Documents.Employees[8].Payee.PayrollPeriod.RemunerationCollection[1].AddressDetailsCountryCode,Income Stream Type = CHP and Country code = nz,,,
9,STP Lodgement CDK01,PAYEVNTEMP260,Country Code,Country Code must be left blank,Documents.Employees[9].Payee.PayrollPeriod.RemunerationCollection[1].AddressDetailsCountryCode,Income Stream Type = SWP and Country code = nz,,,
10,STP Lodgement CDK01,PAYEVNTEMP260,Country Code,Country Code must be left blank,Documents.Employees[10].Payee.PayrollPeriod.RemunerationCollection[1].AddressDetailsCountryCode,Income Stream Type = JPD and Country code = nz,,,
11,STP Lodgement CDK01,PAYEVNTEMP260,Country Code,Country Code must be left blank,Documents.Employees[11].Payee.PayrollPeriod.RemunerationCollection[1].AddressDetailsCountryCode,Income Stream Type = VOL and Country code= nz,,,
12,STP Lodgement CDK01,PAYEVNTEMP260,Country Code,Country Code must be left blank,Documents.Employees[12].Payee.PayrollPeriod.RemunerationCollection[1].AddressDetailsCountryCode,Income Stream Type = LAB and Country code = xx,,,
13,STP Lodgement CDK01,PAYEVNTEMP260,Country Code,Country Code must be left blank,Documents.Employees[13].Payee.PayrollPeriod.RemunerationCollection[1].AddressDetailsCountryCode,Income Stream Type = OSP and Country code = usa,,,
14,STP Lodgement CDK01,PAYEVNTEMP260,Country Code,Country Code must be provided,Documents.Employees[14].Payee.PayrollPeriod.RemunerationCollection[1].AddressDetailsCountryCode,Pay Date= 31/07/2020 | Income Stream Type = FEI |Country code=  <null>,,,
15,STP Lodgement CDK01,PAYEVNTEMP260,Country Code,Country Code must be provided,Documents.Employees[15].Payee.PayrollPeriod.RemunerationCollection[1].AddressDetailsCountryCode,Pay Date= 31/07/2020 | Income Stream Type = WHM |Country code=  <null>,,,
16,STP Lodgement CDK01,PAYEVNTEMP260,Country Code,Country Code must be provided,Documents.Employees[16].Payee.PayrollPeriod.RemunerationCollection[1].AddressDetailsCountryCode,Pay Date= 31/07/2020 | Income Stream Type = IAA |Country code=  <null>,,,
17,STP Lodgement CDK02,PAYEVNTEMP259,PAYGW Amount,PAYGW Amount must be provided,Documents.Employees[1].Payee.PayrollPeriod.RemunerationCollection[1].IncomeTaxPayAsYouGoWithholdingTaxWithheld,IncomeTaxPayAsYouGoWithholdingTaxWithheld = 0 | Income Stream Type = SAW,,,
18,STP Lodgement CDK02,PAYEVNTEMP278,Foreign Tax Paid Amount,Foreign Tax Paid Amount must be greater than zero when Final Event Indicator is True,Documents.Employees[2].Payee.PayrollPeriod.RemunerationCollection[1].IncomeTaxForeignWithholding,IncomeTaxForeignWithholding =0 | Income Stream Type = FEI | Final Event Indicator = true,,,
19,STP Lodgement CDK02,PAYEVNTEMP258,Gross Amount,The derived aggregated gross YTD amount must not be a negative amount,Documents.Employees[3].Payee.PayrollPeriod.RemunerationCollection[1],Remuneration.Gross.Amount = -10 | Income Stream Type = SAW,,,
20,STP Lodgement CDK02,PAYEVNTEMP268,Paid Leave,Paid Leave must be left blank,Documents.Employees[4].Payee.PayrollPeriod.RemunerationCollection[1].PaidLeaveCollection,Paid Leave Tuple provided Type Code = C | Amount 40 | Income Stream Type = VOL and Country code= <NULL>,,,
21,STP Lodgement CDK02,PAYEVNTEMP268,Paid Leave,Paid Leave must be left blank,Documents.Employees[5].Payee.PayrollPeriod.RemunerationCollection[1].PaidLeaveCollection,Paid Leave Tuple provided Type Code = C | Amount 40 | Income Stream Type = LAB  and Country code= <NULL>,,,
22,STP Lodgement CDK02,PAYEVNTEMP268,Paid Leave,Paid Leave must be left blank,Documents.Employees[6].Payee.PayrollPeriod.RemunerationCollection[1].PaidLeaveCollection,Paid Leave Tuple provided but with Null values| Income Stream Type = OPS and Country code= <NULL>,,,
23,STP Lodgement CDK03,PAYEVNTEMP254,Tax Treatment Code,Tax Treatment Code RCXXXX is not valid for Income Type(s) FEI,Documents.Employees[1].Payee.EmployerConditions.TaxTreatmentCode,Tax Treatment Code =RCXXXX | Income Stream Type =FEI,,,
24,STP Lodgement CDK03,PAYEVNTEMP254,Tax Treatment Code,,Documents.Employees[2].Payee.EmployerConditions.TaxTreatmentCode,Tax Treatment Code =VCXXXX |Income Stream Type =VOL |This is a possitive test case so no error expected,,,
25,STP Lodgement CDK03,PAYEVNTEMP254,Tax Treatment Code,,Documents.Employees[3].Payee.EmployerConditions.TaxTreatmentCode,Tax Treatment Code =DZXXXX |Income Stream Type = CHP| This is a possitive test case so no error expected,,,
26,STP Lodgement CDK03,PAYEVNTEMP254,Tax Treatment Code,,Documents.Employees[4].Payee.EmployerConditions.TaxTreatmentCode,Tax Treatment Code =NAXXXX |Income Stream Type = LAB|This is a possitive test case so no error expected,,,
27,STP Lodgement CDK03,PAYEVNTEMP254,Tax Treatment Code,,Documents.Employees[5].Payee.EmployerConditions.TaxTreatmentCode,Tax Treatment Code =HFXXXX |Income Stream Type = WHM|This is a possitive test case so no error expected,,,
28,STP Lodgement CDK03,PAYEVNTEMP254,Tax Treatment Code,Unknown Study and Training Support Loan T,Documents.Employees[6].Payee.EmployerConditions.TaxTreatmentCode,Tax Treatment Code =RTTXXX | Income Stream Type =FEI,,,
29,STP Lodgement CDK03,PAYEVNTEMP254,Tax Treatment Code,Tax Treatment Code VOSXXX is not valid for Income Type(s) VOL,Documents.Employees[7].Payee.EmployerConditions.TaxTreatmentCode,Tax Treatment Code =VOSXXX |Income Stream Type =VOL ,,,
30,STP Lodgement CDK03,PAYEVNTEMP254,Tax Treatment Code,Tax Treatment Code DVSXXX is not valid for Income Type(s) CHP,Documents.Employees[8].Payee.EmployerConditions.TaxTreatmentCode,Tax Treatment Code =DVSXXX |Income Stream Type = CHP,,,
31,STP Lodgement CDK03,PAYEVNTEMP254,Tax Treatment Code,Tax Treatment Code NFSXXX is not valid for Income Type(s) LAB,Documents.Employees[9].Payee.EmployerConditions.TaxTreatmentCode,Tax Treatment Code =NFSXXX |Income Stream Type = LAB,,,
32,STP Lodgement CDK03,PAYEVNTEMP254,Tax Treatment Code,Tax Treatment Code HUSXXX is not valid for Income Type(s) WHM,Documents.Employees[10].Payee.EmployerConditions.TaxTreatmentCode,Tax Treatment Code =HUSXXX |Income Stream Type = WHM,,,
33,STP Lodgement CDK03,PAYEVNTEMP254,Tax Treatment Code,,Documents.Employees[11].Payee.EmployerConditions.TaxTreatmentCode,Tax Treatment Code =RTSXXX |Income Stream Type = SAW |This is a possitive test case so no error expected,,,
34,STP Lodgement CDK03,PAYEVNTEMP254,Tax Treatment Code,Unknown Medicare Levy Surcharge 4,Documents.Employees[12].Payee.EmployerConditions.TaxTreatmentCode,Tax Treatment Code =RTS4XX |Income Stream Type = SAW ,,,
35,STP Lodgement CDK03,PAYEVNTEMP254,Tax Treatment Code,,Documents.Employees[13].Payee.EmployerConditions.TaxTreatmentCode,Tax Treatment Code =RTS3XX |Income Stream Type = SAW |This is a possitive test case so no error expected,,,
36,STP Lodgement CDK03,PAYEVNTEMP254,Tax Treatment Code,,Documents.Employees[14].Payee.EmployerConditions.TaxTreatmentCode,Tax Treatment Code =RTSXHX |Income Stream Type = SAW |This is a possitive test case so no error expected,,,
37,STP Lodgement CDK03,PAYEVNTEMP254,Tax Treatment Code,,Documents.Employees[15].Payee.EmployerConditions.TaxTreatmentCode,Tax Treatment Code =RTSXFX |Income Stream Type = SAW |This is a possitive test case so no error expected,,,
38,STP Lodgement CDK03,PAYEVNTEMP254,Tax Treatment Code,Unknown Medicare Levy Exemption A,Documents.Employees[16].Payee.EmployerConditions.TaxTreatmentCode,Tax Treatment Code =RTSXAX |Income Stream Type = SAW,,,
39,STP Lodgement CDK04,PAYEVNTEMP254,Tax Treatment Code,,Documents.Employees[1].Payee.EmployerConditions.TaxTreatmentCode,Tax Treatment Code =RTS1HA|Income Stream Type = SAW |This is a possitive test case so no error expected,,,
40,STP Lodgement CDK04,PAYEVNTEMP254,Tax Treatment Code,,Documents.Employees[2].Payee.EmployerConditions.TaxTreatmentCode,Tax Treatment Code =RTS2F0|Income Stream Type = SAW |This is a possitive test case so no error expected,,,
41,STP Lodgement CDK04,PAYEVNTEMP254,Tax Treatment Code,,Documents.Employees[3].Payee.EmployerConditions.TaxTreatmentCode,Tax Treatment Code =RTX3H6|Income Stream Type = SAW |This is a possitive test case so no error expected,,,
42,STP Lodgement CDK04,PAYEVNTEMP254,Tax Treatment Code,,Documents.Employees[4].Payee.EmployerConditions.TaxTreatmentCode,Tax Treatment Code =RTX1F9|Income Stream Type = SAW |This is a possitive test case so no error expected,,,
43,STP Lodgement CDK04,PAYEVNTEMP254,Tax Treatment Code,Unknown Medicare Levy Reduction B,Documents.Employees[5].Payee.EmployerConditions.TaxTreatmentCode,Tax Treatment Code =RTS1HB|Income Stream Type = SAW ,,,
44,STP Lodgement CDK04,PAYEVNTEMP254,Tax Treatment Code,Unknown Medicare Levy Reduction Z,Documents.Employees[6].Payee.EmployerConditions.TaxTreatmentCode,Tax Treatment Code =RTX1FZ|Income Stream Type = SAW,,,
45,STP Lodgement CDK04,PAYEVNTEMP254,Tax Treatment Code,,Documents.Employees[7].Payee.EmployerConditions.TaxTreatmentCode,Tax Treatment Code =SSX3H6|Income Stream Type = SAW |This is a possitive test case so no error expected,,,
46,STP Lodgement CDK04,PAYEVNTEMP254,Tax Treatment Code,Tax Treatment Code SSX3F0 is not valid for Income Type(s) SAW,Documents.Employees[8].Payee.EmployerConditions.TaxTreatmentCode,Tax Treatment Code =SSX3F0|Income Stream Type = SAW,,,
47,STP Lodgement CDK04,PAYEVNTEMP254,Tax Treatment Code,Tax Treatment Code must be provided,Documents.Employees[9].Payee.EmployerConditions.TaxTreatmentCode,"Tax Treatment Code = ""null""|Pay/Update Date is after 30/6/2020| Income Stream Type = SAW ",,,
48,STP Lodgement CDK04,PAYEVNTEMP254,Tax Treatment Code,Tax Treatment Code RDX2XX is not valid for Income Type(s) FEI,Documents.Employees[10].Payee.EmployerConditions.TaxTreatmentCode,Tax Treatment Code =RDX2XX   |Income Stream Type = FEI,,,
49,STP Lodgement CDK04,PAYEVNTEMP254,Tax Treatment Code,Unknown Medicare Levy Surcharge 4,Documents.Employees[11].Payee.EmployerConditions.TaxTreatmentCode,Tax Treatment Code =CFX4XX   |Income Stream Type = FEI,,,
50,STP Lodgement CDK04,PAYEVNTEMP254,Tax Treatment Code,Tax Treatment Code HUX1XX is not valid for Income Type(s) WHM,Documents.Employees[12].Payee.EmployerConditions.TaxTreatmentCode,Tax Treatment Code =HUX1XX  |Income Stream Type = WHM,,,
51,STP Lodgement CDK04,PAYEVNTEMP254,Tax Treatment Code,Tax Treatment Code FFX3XX is not valid for Income Type(s) LAB,Documents.Employees[13].Payee.EmployerConditions.TaxTreatmentCode,Tax Treatment Code =FFX3HX    |Income Stream Type =  LAB,,,
52,STP Lodgement CDK04,PAYEVNTEMP254,Tax Treatment Code,Tax Treatment Code RNX3FX is not valid for Income Type(s) OSP,Documents.Employees[14].Payee.EmployerConditions.TaxTreatmentCode,Tax Treatment Code =RNX3FX    |Income Stream Type =  OSP,,,
53,STP Lodgement CDK04,PAYEVNTEMP254,Tax Treatment Code,Tax Treatment Code ANX2HX is not valid for Income Type(s) SAW,Documents.Employees[15].Payee.EmployerConditions.TaxTreatmentCode,Tax Treatment Code =ANX2HX    |Income Stream Type = SAW,,,
54,STP Lodgement CDK04,PAYEVNTEMP254,Tax Treatment Code,Tax Treatment Code RDXXHX is not valid for Income Type(s) FEI,Documents.Employees[16].Payee.EmployerConditions.TaxTreatmentCode,Tax Treatment Code =RDXXHX   |Income Stream Type = FEI | Country Code = nz | Tfn = 111111111,,,
55,STP Lodgement CDK05,PAYEVNTEMP254,Tax Treatment Code,Tax Treatment Code HUXXX6 is not valid for Income Type(s) WHM,Documents.Employees[1].Payee.EmployerConditions.TaxTreatmentCode,Tax Treatment Code =HUXXX6  |Income Stream Type = WHM | Country Code = nz | Tfn = 111111111,,,
56,STP Lodgement CDK05,PAYEVNTEMP254,Tax Treatment Code,Tax Treatment Code FFXXX0 is not valid for Income Type(s) LAB,Documents.Employees[2].Payee.EmployerConditions.TaxTreatmentCode,"Tax Treatment Code =FFXXX0    |Income Stream Type =  LAB | Country Code = """" | Tfn = 111111111",,,
57,STP Lodgement CDK05,PAYEVNTEMP254,Tax Treatment Code,Tax Treatment Code RNXXXA is not valid for Income Type(s) OSP,Documents.Employees[3].Payee.EmployerConditions.TaxTreatmentCode,"Tax Treatment Code =RNXXXA    |Income Stream Type =  OSP | Country Code = """" | Tfn = 111111111",,,
58,STP Lodgement CDK05,PAYEVNTEMP254,Tax Treatment Code,,Documents.Employees[4].Payee.EmployerConditions.TaxTreatmentCode,"Tax Treatment Code =DBXXXX  |Cessation Type=D |ETP Type = B |Income Stream Type =  SAW | Country Code = """" | Tfn = 111111111 |This is a possitive test case so no error expected",,,
59,STP Lodgement CDK05,PAYEVNTEMP254,Tax Treatment Code,,Documents.Employees[5].Payee.EmployerConditions.TaxTreatmentCode,"Tax Treatment Code =DBXXXX  |Cessation Type=D |ETP Type = D |Income Stream Type =  SAW | Country Code = """" | Tfn = 111111111 |This is a possitive test case so no error expected",,,
60,STP Lodgement CDK05,PAYEVNTEMP254,Tax Treatment Code,,Documents.Employees[6].Payee.EmployerConditions.TaxTreatmentCode,"Tax Treatment Code =DBXXXX  |Cessation Type=D |ETP Type = T  |Income Stream Type =  SAW | Country Code = """" | Tfn = 111111111 |This is a possitive test case so no error expected",,,
61,STP Lodgement CDK05,PAYEVNTEMP254,Tax Treatment Code,The Tax Treatment code Death Benefit must have a valid Cessation Type Code and ETP code,Documents.Employees[7].Payee.EmployerConditions.TaxTreatmentCode,"Tax Treatment Code =DBXXXX  |Cessation Type=D |ETP Type = R  |Income Stream Type =  FEI | Country Code = ""nz"" | Tfn = 111111111",,,
62,STP Lodgement CDK05,PAYEVNTEMP254,Tax Treatment Code,,Documents.Employees[8].Payee.EmployerConditions.TaxTreatmentCode,"Tax Treatment Code =DBXXXX  |Cessation Type=D |ETP Type = N  |Income Stream Type =  SAW | Country Code = """" | Tfn = 111111111",,,
63,STP Lodgement CDK05,PAYEVNTEMP254,Tax Treatment Code,The Tax Treatment code Death Benefit must have a valid Cessation Type Code and ETP code,Documents.Employees[9].Payee.EmployerConditions.TaxTreatmentCode,"Tax Treatment Code =DBXXXX  |Cessation Type=R |ETP Type = T  |Income Stream Type =  SAW | Country Code = """" | Tfn = 111111111",,,
64,STP Lodgement CDK05,PAYEVNTEMP254,Tax Treatment Code,The Tax Treatment code Death Benefit must have a valid Cessation Type Code and ETP code,Documents.Employees[10].Payee.EmployerConditions.TaxTreatmentCode,"Tax Treatment Code =DBXXXX  |Cessation Type=R |ETP Type = D  |Income Stream Type =  SAW | Country Code = """" | Tfn = 111111111 ",,,
65,STP Lodgement CDK05,PAYEVNTEMP254,Tax Treatment Code,,Documents.Employees[11].Payee.EmployerConditions.TaxTreatmentCode,"Tax Treatment Code =VOXXXX  |Income Stream Type = VOL | Country Code = "" "" | Tfn = 111111111 |This is a possitive test case so no error expected",,,
66,STP Lodgement CDK05,PAYEVNTEMP254,Tax Treatment Code,The Tax Treatment code Voluntary Agreement must have a valid Income Stream Type,Documents.Employees[12].Payee.EmployerConditions.TaxTreatmentCode,"Tax Treatment Code =VOXXXX  |Income Stream Type = SAW | Country Code = "" "" | Tfn = 111111111",,,
67,STP Lodgement CDK05,PAYEVNTEMP254,Tax Treatment Code,The Tax Treatment code Voluntary Agreement must have a valid Income Stream Type,Documents.Employees[13].Payee.EmployerConditions.TaxTreatmentCode,"Tax Treatment Code =VCXXXX  |Income Stream Type = LAB | Country Code = "" "" | Tfn = 111111111",,,
68,STP Lodgement CDK05,PAYEVNTEMP254,Tax Treatment Code,The Tax Treatment code Working Holiday Maker must have a valid Income Stream Type,Documents.Employees[14].Payee.EmployerConditions.TaxTreatmentCode,"Tax Treatment Code =HUXXXX  |Income Stream Type = SAW | Country Code = """" | Tfn = 111111111",,,
69,STP Lodgement CDK05,PAYEVNTEMP254,Tax Treatment Code,,Documents.Employees[15].Payee.EmployerConditions.TaxTreatmentCode,Tax Treatment Code =HFXXXX  |Income Stream Type = WHM | Country Code = nz | Tfn = 111111111,,,
70,STP Lodgement CDK05,PAYEVNTEMP254,Tax Treatment Code,The Tax Treatment code Working Holiday Maker must have a valid Income Stream Type,Documents.Employees[16].Payee.EmployerConditions.TaxTreatmentCode,Tax Treatment Code =HFXXXX  |Income Stream Type = FEI | Country Code = nz | Tfn = 111111111,,,
71,STP Lodgement CDK06,PAYEVNTEMP269,Paid Leave Type Code,,Documents.Employees[1].Payee.PayrollPeriod.RemunerationCollection[1].PaidLeaveCollection[1],Paid Leave Type Code = C |This is a possitive test case so no error expected,,,
72,STP Lodgement CDK06,PAYEVNTEMP269,Paid Leave Type Code,,Documents.Employees[2].Payee.PayrollPeriod.RemunerationCollection[1].PaidLeaveCollection[1],Paid Leave Type Code = U |This is a possitive test case so no error expected,,,
73,STP Lodgement CDK06,PAYEVNTEMP269,Paid Leave Type Code,,Documents.Employees[3].Payee.PayrollPeriod.RemunerationCollection[1].PaidLeaveCollection[1],Paid Leave Type Code = O |This is a possitive test case so no error expected,,,
74,STP Lodgement CDK06,PAYEVNTEMP269,Paid Leave Type Code,,Documents.Employees[4].Payee.PayrollPeriod.RemunerationCollection[1].PaidLeaveCollection[1],Paid Leave Type Code = P |This is a possitive test case so no error expected,,,
75,STP Lodgement CDK06,PAYEVNTEMP269,Paid Leave Type Code,,Documents.Employees[5].Payee.PayrollPeriod.RemunerationCollection[1].PaidLeaveCollection[1],Paid Leave Type Code = A |This is a possitive test case so no error expected,,,
76,STP Lodgement CDK06,PAYEVNTEMP269,Paid Leave Type Code,Paid Leave Type Code is invalid,Documents.Employees[6].Payee.PayrollPeriod.RemunerationCollection[1].PaidLeaveCollection[1],Paid Leave Type Code = X,,,
77,STP Lodgement CDK07,PAYEVNTEMP269,Paid Leave Type Code,,Documents.Employees[1].Payee.PayrollPeriod.RemunerationCollection[1].PaidLeaveCollection[2],Paid Leave Type Code[1] = C |Paid Leave Type Code[2] = U |This is a possitive test case so no error expected,,,
78,STP Lodgement CDK07,PAYEVNTEMP269,Paid Leave Type Code,Duplicate Paid Leave Type,Documents.Employees[2].Payee.PayrollPeriod.RemunerationCollection[1].PaidLeaveCollection[2],Paid Leave Type Code[1] = C |Paid Leave Type Code[2] = C ,,,
79,STP Lodgement CDK07,PAYEVNTEMP226,Allowance Items,,Documents.Employees[3].Payee.PayrollPeriod.RemunerationCollection[1].AllowanceCollection,Tax Treatment Code =VCXXXX |Income Stream Type =VOL |Allowance Type collection removed |This is a possitive test case so no error expected,,,
80,STP Lodgement CDK07,PAYEVNTEMP226,Allowance Items,,Documents.Employees[4].Payee.PayrollPeriod.RemunerationCollection[1].AllowanceCollection,"Tax Treatment Code =RTSXXX |Income Stream Type = SAW |Allowance Type =  AD|Country Code = "" ""| This is a possitive test case so no error expected",,,
81,STP Lodgement CDK07,PAYEVNTEMP226,Allowance Items,Allowance must be left blank,Documents.Employees[5].Payee.PayrollPeriod.RemunerationCollection[1].AllowanceCollection,"Tax Treatment Code =VCXXXX |Income Stream Type =VOL | Country Code = "" ""| Allowance Type =  AD",,,
82,STP Lodgement CDK07,PAYEVNTEMP226,Allowance Items,Allowance must be left blank,Documents.Employees[6].Payee.PayrollPeriod.RemunerationCollection[1].AllowanceCollection,"Tax Treatment Code =RNXXXX  |Income Stream Type = LAB | Country Code = "" ""|Allowance Type = AD",,,
83,STP Lodgement CDK08,PAYEVNTEMP29,Period Start Date,Invalid date,Documents.Employees[1].Payee.PayrollPeriod.PeriodBegins,Period Start Date = 30/6/2016.,,,
84,STP Lodgement CDK08,PAYEVNTEMP29,Period Start Date,,Documents.Employees[1].Payee.PayrollPeriod.PeriodBegins,Period Start Date = 1/7/2016. |This is a positive case and should pass,,,
85,STP Lodgement CDK08,PAYEVNTEMP265,Salary Sacrifice,Salary Sacrifice must be left blank,Documents.Employees[2].Payee.PayrollPeriod.RemunerationCollection[1].SalarySacrificeCollection,VOL | Salary Sacrifice code = O and Amount = 10,,,
86,STP Lodgement CDK08,PAYEVNTEMP265,Salary Sacrifice,Salary Sacrifice must be left blank,Documents.Employees[3].Payee.PayrollPeriod.RemunerationCollection[1].SalarySacrificeCollection,LAB | Salary Sacrifice code = S and Amount = 10,,,
87,STP Lodgement CDK08,PAYEVNTEMP30,Period End Date,Invalid date,Documents.Employees[3].Payee.PayrollPeriod.PeriodEnds,Period Start Date = 01/8/2021. | Period End Date = 31/07/2021,,,
88,STP Lodgement CDK08,PAYEVNTEMP266,Salary Sacrifice Type Code,Salary Sacrifice Type Code is invalid,Documents.Employees[4].Payee.PayrollPeriod.RemunerationCollection[1].SalarySacrificeCollection[1],SAW | Salary Sacrifice code = S and Amount = 10,,,
89,STP Lodgement CDK08,PAYEVNTEMP266,Salary Sacrifice Type Code,Duplicate Salary Sacrifice Type,Documents.Employees[5].Payee.PayrollPeriod.RemunerationCollection[1].SalarySacrificeCollection[2],Salary Sacrifice Type Code in a Salary Sacrifice Tuple[1] = S and Salary Sacrifice Tuple[2] = S,,,
90,STP Lodgement CDK08,PAYEVNTEMP266,Salary Sacrifice Type Code,Duplicate Salary Sacrifice Type,Documents.Employees[6].Payee.PayrollPeriod.RemunerationCollection[1].SalarySacrificeCollection[2],Salary Sacrifice Type Code in a Salary Sacrifice Tuple[1] = O and Salary Sacrifice Tuple[2] = O,,,
91,STP Lodgement CP01,PAYEVNTEMP204,Payee Year of Birth,Date of birth cannot be a future date,Documents.Employees[1].Payee.BirthDate,Value is 2022,,,
92,STP Lodgement CP01,PAYEVNTEMP204,Payee Year of Birth,Payee Year of Birth can't be more than 120 years in the past,Documents.Employees[2].Payee.BirthDate,Value is 1835,,,
93,STP Lodgement CP01,PAYEVNTEMP24,Payee State/Territory,"For an Australian address, the state or territory must be provided",Documents.Employees[2].Payee.Address.State,"Country Australia, field empty",,,
94,STP Lodgement CP01,PAYEVNTEMP25,Payee Postcode,A valid postcode must be supplied,Documents.Employees[1].Payee.Address.Postcode,Postcode 0199,,,
95,STP Lodgement CP01,PAYEVNTEMP25,Payee Postcode,A valid postcode must be supplied,Documents.Employees[2].Payee.Address.Postcode,Postcode 10000,,,
96,STP Lodgement CP01,PAYEVNTEMP25,Payee Postcode,This field must be left blank,Documents.Employees[3].Payee.Address.Postcode,"Country not Australia, postcode not empty",,,
97,STP Lodgement CP01,PAYEVNTEMP94,Payee E-mail Address,Email Address contains invalid text,Documents.Employees[1].Payee.ContactDetails.Email,chris.power@###,,,
98,STP Lodgement CP01,PAYEVNTEMP94,Payee E-mail Address,Email Address contains invalid text,Documents.Employees[2].Payee.ContactDetails.Email,freddy.com,,,
99,STP Lodgement CP01,,,,Documents.Employees[3].Payee.ContactDetails.Email,Valid: empty,,,
100,STP Lodgement CP01,,,,Documents.Employees[4].Payee.ContactDetails.Email,Valid: grant@gmail.com,,,
101,STP Lodgement CP02,PAYEVNTEMP257,Income Stream Type Code,Foreign Tax Paid Amount cannot be supplied for Salary and Wages,Documents.Employees[1].Payee.PayrollPeriod.RemunerationCollection[1].IncomeStreamTypeCode,SAW with IncomeTaxForeignWithholding 25,,,
102,STP Lodgement CP02,PAYEVNTEMP257,Income Stream Type Code,Exempt Foreign Income Amount must not be supplied for Voluntary Agreement,Documents.Employees[1].Payee.PayrollPeriod.RemunerationCollection[2].IncomeStreamTypeCode,VOL with IndividualNonBusinessExemptForeignEmploymentIncome 4059,,,
103,STP Lodgement CP02,PAYEVNTEMP257,Income Stream Type Code,Foreign Tax Paid Amount must not be supplied for Voluntary Agreement,Documents.Employees[1].Payee.PayrollPeriod.RemunerationCollection[3].IncomeStreamTypeCode,VOL with IncomeTaxForeignWithholding 1992,,,
104,STP Lodgement CP02,PAYEVNTEMP257,Income Stream Type Code,Exempt Foreign Income Amount must not be supplied for Labour Hire,Documents.Employees[1].Payee.PayrollPeriod.RemunerationCollection[4].IncomeStreamTypeCode,LAB with IndividualNonBusinessExemptForeignEmploymentIncome 23990,,,
105,STP Lodgement CP02,PAYEVNTEMP257,Income Stream Type Code,Foreign Tax Paid Amount must not be supplied for Labour Hire,Documents.Employees[1].Payee.PayrollPeriod.RemunerationCollection[5].IncomeStreamTypeCode,LAB with IncomeTaxForeignWithholding 59301,,,
106,STP Lodgement CP02,PAYEVNTEMP257,Income Stream Type Code,Exempt Foreign Income Amount must not be supplied for Working Holiday Makers,Documents.Employees[1].Payee.PayrollPeriod.RemunerationCollection[6].IncomeStreamTypeCode,WHM with IndividualNonBusinessExemptForeignEmploymentIncome 62900,,,
107,STP Lodgement CP02,PAYEVNTEMP257,Income Stream Type Code,Foreign Tax Paid Amount must not be supplied for Working Holiday Makers,Documents.Employees[1].Payee.PayrollPeriod.RemunerationCollection[7].IncomeStreamTypeCode,WHM with IncomeTaxForeignWithholding 1,,,
108,STP Lodgement CP02,PAYEVNTEMP257,Income Stream Type Code,Exempt Foreign Income Amount must not be supplied for Foreign Employment Income,Documents.Employees[1].Payee.PayrollPeriod.RemunerationCollection[8].IncomeStreamTypeCode,FEI with IndividualNonBusinessExemptForeignEmploymentIncome,,,
109,STP Lodgement CP02,PAYEVNTEMP257,Income Stream Type Code,Foreign Tax Paid Amount must be supplied for Foreign Employment Income,Documents.Employees[1].Payee.PayrollPeriod.RemunerationCollection[9].IncomeStreamTypeCode,"FEI with no IncomeTaxForeignWithholding tag
Should the test be ""tag exists"" or ""value <> 0""?",,,
110,STP Lodgement CP02,PAYEVNTEMP257,Income Stream Type Code,JPD cannot be provided after 30/06/2020,Documents.Employees[1].Payee.PayrollPeriod.RemunerationCollection[10].IncomeStreamTypeCode,JPD with IndividualNonBusinessExemptForeignEmploymentIncome,,,
111,STP Lodgement CP02,PAYEVNTEMP257,Income Stream Type Code,Income Stream Type Code is invalid,Documents.Employees[1].Payee.PayrollPeriod.RemunerationCollection[25].IncomeStreamTypeCode,None - moved to end,,,
112,STP Lodgement CP02,PAYEVNTEMP257,Income Stream Type Code,Income Stream Type Code is invalid,Documents.Employees[1].Payee.PayrollPeriod.RemunerationCollection[11].IncomeStreamTypeCode,x y z,,,
113,STP Lodgement CP02,PAYEVNTEMP257,Income Stream Type Code,Duplicate Income Stream Type,Documents.Employees[1].Payee.PayrollPeriod.RemunerationCollection[3].IncomeStreamTypeCode,Second VOL,,,
114,STP Lodgement CP02,PAYEVNTEMP257,Income Stream Type Code,Duplicate Income Stream Type,Documents.Employees[1].Payee.PayrollPeriod.RemunerationCollection[5].IncomeStreamTypeCode,Second LAB,,,
115,STP Lodgement CP02,PAYEVNTEMP257,Income Stream Type Code,Duplicate Income Stream Type,Documents.Employees[1].Payee.PayrollPeriod.RemunerationCollection[7].IncomeStreamTypeCode,Second WHM,,,
116,STP Lodgement CP02,PAYEVNTEMP257,Income Stream Type Code,Exempt Foreign Income Amount must not be supplied for Inbound Assignees to Australia,Documents.Employees[1].Payee.PayrollPeriod.RemunerationCollection[12].IncomeStreamTypeCode,"IAA with ""Exempt Foreign Income Amount"" IndividualNonBusinessExemptForeignEmploymentIncome PAYEVNTEMP261",PAYEVNTEMP261,Exempt Foreign Income Amount,IndividualNonBusinessExemptForeignEmploymentIncome
117,STP Lodgement CP02,PAYEVNTEMP257,Income Stream Type Code,Foreign Tax Paid Amount must not be supplied for Inbound Assignees to Australia,Documents.Employees[1].Payee.PayrollPeriod.RemunerationCollection[13].IncomeStreamTypeCode,"IAA with ""Foreign Tax Paid Amount"" IncomeTaxForeignWithholding PAYEVNTEMP278",PAYEVNTEMP278,Foreign Tax Paid Amount,IncomeTaxForeignWithholding
118,STP Lodgement CP02,PAYEVNTEMP257,Income Stream Type Code,Exempt Foreign Income Amount must not be supplied for Closely Held Payees,Documents.Employees[1].Payee.PayrollPeriod.RemunerationCollection[14].IncomeStreamTypeCode,"CHP with ""Exempt Foreign Income Amount"" IndividualNonBusinessExemptForeignEmploymentIncome",PAYEVNTEMP259,PAYGW Amount,IncomeTaxPayAsYouGoWithholdingTaxWithheld
119,STP Lodgement CP02,PAYEVNTEMP257,Income Stream Type Code,Duplicate Income Stream Type,Documents.Employees[1].Payee.PayrollPeriod.RemunerationCollection[15].IncomeStreamTypeCode,Second CHP,PAYEVNTEMP258,Gross Amount,GrossAmount
120,STP Lodgement CP02,PAYEVNTEMP257,Income Stream Type Code,Exempt Foreign Income Amount must not be supplied for Other Specified Payments,Documents.Employees[1].Payee.PayrollPeriod.RemunerationCollection[16].IncomeStreamTypeCode,OSP with IndividualNonBusinessExemptForeignEmploymentIncome,,,
121,STP Lodgement CP02,PAYEVNTEMP257,Income Stream Type Code,Foreign Tax Paid Amount must not be supplied for Other Specified Payments,Documents.Employees[1].Payee.PayrollPeriod.RemunerationCollection[17].IncomeStreamTypeCode,OSP with IncomeTaxForeignWithholding,,,
122,STP Lodgement CP02,PAYEVNTEMP257,Income Stream Type Code,Duplicate Income Stream Type,Documents.Employees[1].Payee.PayrollPeriod.RemunerationCollection[17].IncomeStreamTypeCode,Second OSP,,,
123,STP Lodgement CP02,PAYEVNTEMP257,Income Stream Type Code,,,"Will not test this case: 
CHP, SWP and IAA cannot be provided before 1/7/2020",,,
124,STP Lodgement CP02,PAYEVNTEMP257,Income Stream Type Code,,,"Will not test this case: 
JPD cannot be provided after 30/06/2020",,,
125,STP Lodgement CP02,PAYEVNTEMP257,Income Stream Type Code,Country codes must be different when providing multiple FEI or IAA codes,Documents.Employees[1].Payee.PayrollPeriod.RemunerationCollection[9].IncomeStreamTypeCode,Second FEI with AddressDetailsCountryCode nz,,,
126,STP Lodgement CP02,PAYEVNTEMP257,Income Stream Type Code,Limit of 10 IAA and FEI codes exceeded,Documents.Employees[1].Payee.PayrollPeriod.RemunerationCollection[24].IncomeStreamTypeCode,11th IAA or FEI,,,
127,STP Lodgement CP02,PAYEVNTEMP257,Income Stream Type Code,Foreign Tax Paid Amount must not be supplied for Closely Held Payees,Documents.Employees[2].Payee.PayrollPeriod.RemunerationCollection[1].IncomeStreamTypeCode,CHP with IncomeTaxForeignWithholding on Emp02,,,
128,STP Lodgement CP02,PAYEVNTEMP257,Income Stream Type Code,,,"Will not test this case:
Only one FEI income type can be provided before 1/7/2020",,,
129,STP Lodgement CP03,PAYEVNTEMP13,Payee TFN,TFN must be a valid TFN,Documents.Employees[1].Payee.Identifiers.Tfn,"invalid TFN 10000308, SAW",,,
130,STP Lodgement CP03,PAYEVNTEMP13,Payee TFN,You must provide either an ABN or a TFN,Documents.Employees[2].Payee.Identifiers,"Tfn: """" and income stream type VOL, cannot trigger ""Payee TFN must be supplied""",,,
131,STP Lodgement CP03,PAYEVNTEMP13,Payee TFN,Payee TFN must be supplied,Documents.Employees[3].Payee.Identifiers.Tfn,"No Tfn, Abn ""10000003897"", SAW",,,
132,STP Lodgement CP03,PAYEVNTEMP91,Contractor ABN,ABN is invalid,Documents.Employees[4].Payee.Identifiers.Abn,"Tfn """", invalid Abn ""10000002911"", income stream VOL",,,
133,STP Lodgement CP03,PAYEVNTEMP91,Contractor ABN,Contractor ABN must be supplied,Documents.Employees[5].Payee.Identifiers.Abn,"Tfn """", no Abn, income stream type VOL, GrossAmount > 0",,,
134,STP Lodgement CP03,PAYEVNTEMP91,Contractor ABN,Contractor ABN cannot be the same as Payer ABN,Documents.Employees[6].Payee.Identifiers.Abn,"No Tfn, Abn: ""43096702635"" VOL",,,
135,STP Lodgement CP04,PAYEVNTEMP227,Deduction Items,An Income Type must be supplied with Deductions,Documents.Employees[1].Payee.PayrollPeriod.DeductionCollection,Employee has deductions but not remunerations,PAYEVNTEMP227,Deduction Items,Documents.Employees[i].Payee.PayrollPeriod.DeductionCollection[j]
136,STP Lodgement CP04,PAYEVNTEMP10,Deduction Type,Duplicate deduction types,Documents.Employees[1].Payee.PayrollPeriod.DeductionCollection[2],Second F,PAYEVNTEMP256,Income Stream Collection,Documents.Employees[i].Payee.PayrollPeriod.RemunerationCollection
137,STP Lodgement CP04,PAYEVNTEMP10,Deduction Type,Deduction Type Code is invalid,Documents.Employees[1].Payee.PayrollPeriod.DeductionCollection[3],Code t is not in FWDG,PAYEVNTEMP10,Deduction Type,Documents.Employees[i].Payee.PayrollPeriod.DeductionCollection[j].DeductionTypeCode
138,STP Lodgement CP04,PAYEVNTEMP10,Deduction Type,"When Deduction Type Code is D, a Payer Withholding Payer Number cannot be provided",Documents.Employees[1].Payee.PayrollPeriod.DeductionCollection[4],"Code D, payer has no Abn but Wpn ""43096702635""",PAYEVNT3,Payer Withholding Payer Number,Documents.Header.Payer.Wpn
139,STP Lodgement CP04,PAYEVNTEMP10,Deduction Type,Child Support deductions not allowed prior to 1/10/2020,Documents.Employees[1].Payee.PayrollPeriod.DeductionCollection[4],"Code G, ""PayRunDate"": ""2020-09-30""",PAYEVNT69,Pay/Update Date,Documents.Header.Payer.Payroll.PayRunDate
140,STP Lodgement CP05,PAYEVNTEMP283,Super Entitlement Type Code,Super Entitlement Type Code is Invalid,Documents.Employees[1].Payee.PayrollPeriod.SuperannuationContributionCollection[1].EntitlementTypeCode,X is not an allowed code,PAYEVNTEMP283,Super Entitlement Type Code,Documents.Employees[i].Payee.PayrollPeriod.SuperannuationContributionCollection[j].EntitlementTypeCode
141,STP Lodgement CP05,PAYEVNTEMP283,Super Entitlement Type Code,Super Entitlement Type Code is Invalid,Documents.Employees[1].Payee.PayrollPeriod.SuperannuationContributionCollection[2].EntitlementTypeCode,Blank code,,,
142,STP Lodgement CP05,PAYEVNTEMP283,Super Entitlement Type Code,,Documents.Employees[1].Payee.PayrollPeriod.SuperannuationContributionCollection[3].EntitlementTypeCode,L is one of the allowed LOR,,,
143,STP Lodgement CP05,PAYEVNTEMP283,Super Entitlement Type Code,,Documents.Employees[1].Payee.PayrollPeriod.SuperannuationContributionCollection[4].EntitlementTypeCode,O is one of the allowed LOR,,,
144,STP Lodgement CP05,PAYEVNTEMP283,Super Entitlement Type Code,,Documents.Employees[1].Payee.PayrollPeriod.SuperannuationContributionCollection[5].EntitlementTypeCode,R is one of the allowed LOR,,,
145,STP Lodgement CP05,PAYEVNTEMP283,Super Entitlement Type Code,Payee TFN must be provided and no other Super Entitlements can be reported,Documents.Employees[1].Payee.PayrollPeriod.SuperannuationContributionCollection[5].EntitlementTypeCode,"No Tfn, no remuneration, super R plus others",,,
146,STP Lodgement CP05,PAYEVNTEMP283,Super Entitlement Type Code,Duplicate Super Entitlement Type,Documents.Employees[1].Payee.PayrollPeriod.SuperannuationContributionCollection[6].EntitlementTypeCode,Second L,,,
147,STP Lodgement CP05,PAYEVNTEMP283,Super Entitlement Type Code,,Documents.Employees[2].Payee.PayrollPeriod.RemunerationCollection,"Has Tfn, remuneration, no super",,,
148,STP Lodgement CP05,PAYEVNTEMP283,Super Entitlement Type Code,A Super Entitlement Type Code of L or O must be provided,Documents.Employees[3].Payee.PayrollPeriod.SuperannuationContributionCollection[1].EntitlementTypeCode,Has remuneration and only super R,,,
149,STP Lodgement CP05,PAYEVNTEMP283,Super Entitlement Type Code,,Documents.Employees[4].Payee.PayrollPeriod.RemunerationCollection,Has remuneration and super L,,,
150,STP Lodgement CP05,PAYEVNTEMP283,Super Entitlement Type Code,,Documents.Employees[5].Payee.PayrollPeriod.RemunerationCollection,Has remuneration and super O,,,
151,STP Lodgement CP05,PAYEVNTEMP283,Super Entitlement Type Code,Income Stream Collection must be provided,Documents.Employees[1].Payee.PayrollPeriod.SuperannuationContributionCollection[4].EntitlementTypeCode,"Emp01 super O but no remuneration
""When a Super Entitlement Type Code of O is provided, an Income Stream Collection must be provided""
CountOccurrence(^PAYEVNTEMP228, RegexMatch(^PAYEVNTEMP283, '[O]', 'i')) >= 1 AND ^PAYEVNTEMP256 = NULL",,,
152,STP Lodgement CP05,PAYEVNTEMP283,Super Entitlement Type Code,Payee TFN must be provided and no other Super Entitlements can be reported,Documents.Employees[6].Payee.PayrollPeriod.SuperannuationContributionCollection[1].EntitlementTypeCode,"Super R, no remuneration, no TFN but no other super",,,
153,STP Lodgement CP05,PAYEVNTEMP283,Super Entitlement Type Code,,Documents.Employees[7].Payee.PayrollPeriod.SuperannuationContributionCollection[1].EntitlementTypeCode,"Super R, no remuneration, other super L but has TFN
""When a Super Entitlement Type Code of R is provided and no Income Stream Collection is provided, a Payee TFN must be provided and no other Super Entitlements can be reported"" RegexMatch(^PAYEVNTEMP283, 'R', 'i') AND ^PAYEVNTEMP256 = NULL AND (^PAYEVNTEMP13 = NULL) AND CountOccurrence(^PAYEVNTEMP228, ^PAYEVNTEMP228 <> NULL) <> 1",,,
154,STP Lodgement CP05,PAYEVNTEMP283,Super Entitlement Type Code,A Super Entitlement Type Code of L or O must be provided,Documents.Employees[8].Payee.PayrollPeriod.SuperannuationContributionCollection[1].EntitlementTypeCode,"Super R, no remuneration, TFN, no other super",PAYEVNTEMP228,Super Entitlement Year To Date,Documents.Employees[i].Payee.PayrollPeriod.SuperannuationContributionCollection[j]
155,STP Lodgement CP06,PAYEVNTEMP281,Reportable Fringe Benefits amount,Reportable Fringe Benefits amount is invalid,Documents.Employees[1].Payee.PayrollPeriod.IncomeFringeBenefitsReportableCollection,"Tfn ""000000000"" with RBT",PAYEVNTEMP281,Reportable Fringe Benefits Amount,Documents.Employees[i].Payee.PayrollPeriod.IncomeFringeBenefitsReportableCollection[j]
156,STP Lodgement CP06,PAYEVNTEMP281,Reportable Fringe Benefits amount,Reportable Fringe Benefits amount is invalid,Documents.Employees[2].Payee.PayrollPeriod.IncomeFringeBenefitsReportableCollection,"Tfn ""111111111"" with RBT",,,
157,STP Lodgement CP06,PAYEVNTEMP281,Reportable Fringe Benefits amount,Reportable Fringe Benefits amount is invalid,Documents.Employees[3].Payee.PayrollPeriod.IncomeFringeBenefitsReportableCollection,"Tfn ""333333333"" with RBT",,,
158,STP Lodgement CP06,PAYEVNTEMP281,Reportable Fringe Benefits amount,Reportable Fringe Benefits amount is invalid,Documents.Employees[4].Payee.PayrollPeriod.IncomeFringeBenefitsReportableCollection,"Tfn ""444444444"" with RBT",,,
159,STP Lodgement CP06,PAYEVNTEMP281,Reportable Fringe Benefits amount,Reportable Fringe Benefits amount is invalid,Documents.Employees[5].Payee.PayrollPeriod.IncomeFringeBenefitsReportableCollection,"Tfn """" with RBT",,,
160,STP Lodgement CP06,PAYEVNTEMP281,Reportable Fringe Benefits amount,,Documents.Employees[6].Payee.PayrollPeriod.IncomeFringeBenefitsReportableCollection[1],"Tfn ""10000161"" with RBT code X",,,
161,STP Lodgement CP06,PAYEVNTEMP276,RFB Exemption Status Indicator,Only one of each Exemption Status can be provided,Documents.Employees[6].Payee.PayrollPeriod.IncomeFringeBenefitsReportableCollection[3],Second code T,PAYEVNTEMP276,RFB Exemption Status Indicator,Documents.Employees[i].Payee.PayrollPeriod.IncomeFringeBenefitsReportableCollection[j].FringeBenefitsReportableExemptionCode
162,STP Lodgement CP06,PAYEVNTEMP276,RFB Exemption Status Indicator,Only one of each Exemption Status can be provided,Documents.Employees[6].Payee.PayrollPeriod.IncomeFringeBenefitsReportableCollection[4],Second code X,,,
163,STP Lodgement CP06,PAYEVNTEMP276,RFB Exemption Status Indicator,RFB Exemption Status Code is invalid,Documents.Employees[6].Payee.PayrollPeriod.IncomeFringeBenefitsReportableCollection[5],Code missing,,,
164,STP Lodgement CP06,PAYEVNTEMP276,RFB Exemption Status Indicator,RFB Exemption Status Code is invalid,Documents.Employees[6].Payee.PayrollPeriod.IncomeFringeBenefitsReportableCollection[6],Code g,,,
165,STP Lodgement CP06,PAYEVNT104,Child Support Deductions Amount,Child Support Deduction Amount must not be provided,Documents.Header.Payer.Payroll.Totals,"""Child Support Deduction Amount must not be provided when Payer Withholding Payer Number is provided"" 6000",,,
166,STP Lodgement CP07,PAYEVNT,PAYEVNT,At least one PAYEVNTEMP child must be provided,Documents.Employees,"Array is empty, PayRecordCount is 0",,,
167,STP Lodgement CP07,PAYEVNT2,Payer Australian Business Number,ABN is invalid,Documents.Header.Payer.Abn,"Abn ""blahblah""",PAYEVNT2,Payer Australian Business Number,Documents.Header.Payer.Abn
168,STP Lodgement CP07,PAYEVNT2,Payer Australian Business Number,Either ABN or WPN must be present,Documents.Header.Payer,Both Abn and Wpn,,,
169,STP Lodgement CP07,PAYEVNT3,Payer Withholding Payer Number,,Documents.Header.Payer.Wpn,"Wpn ""junketyjunk"" - not validating WPN ""Invalid WPN""",PAYEVNT3,Payer Withholding Payer Number,Documents.Header.Payer.Wpn
170,STP Lodgement CP07,PAYEVNT4,Payer Branch Code,Branch code must be provided when an ABN is provided,Documents.Header.Payer,"BranchCode """"",PAYEVNT4,Payer Branch Code,Documents.Header.Payer.BranchCode
171,STP Lodgement CP07,PAYEVNT15,Payer E-mail Address,,Documents.Header.Payer.ContactDetails.Email,"Empty - should be OK, it's optional, right?",,,
172,STP Lodgement CP07,PAYEVNT12,Payer Postcode,Country code must be blank or set to Australia,Documents.Header.Payer.PostalAddress.PostcodeT,"country nz, with PostcodeT ""anything""",,,
173,STP Lodgement CP08,PAYEVNT2,Payer Australian Business Number,Either ABN or WPN must be present,Documents.Header.Payer,Neither present,,,
174,STP Lodgement CP08,PAYEVNT15,Payer E-mail Address,Email Address contains invalid text,Documents.Header.Payer.ContactDetails.Email,"MinOccurs 1 but rule says ""If provided, must be a valid format""
micro@micro@micro",,,
175,STP Lodgement CP08,PAYEVNT12,Payer Postcode,Postcode is required for an Australian address,Documents.Header.Payer.PostalAddress.PostcodeT,"country au, no Postcode T",,,
176,STP Lodgement CP08,PAYEVNT69,Pay/Update Date,The Pay/Update Date must be on/after the 1st July 2017,Documents.Header.Payer.Payroll.PayRunDate,"Using ""2017-06-30""",,,
177,STP Lodgement CP08,PAYEVNT71,Run Date/Time Stamp,The Pay/Update Date is 350 or more days from the Run Date/Time Stamp,Documents.Header.Payer.Payroll.MessageTimestamp,"MessageTimestamp ""2031-01-01T00:00:00Z"",",,,
178,STP Lodgement CP08,PAYEVNT70,Payee Record Count,Payee Record Count must be equal to the number of children (PAYEVNTEMP),Documents.Header.Payer.Payroll.PayeeRecordCount,Count 12,,,
179,STP Lodgement CP08,PAYEVNT71,Run Date/Time Stamp,,Documents.Header.Payer.Payroll.MessageTimestamp,"MessageTimestamp ""2031-01-01T00:00:00Z"", not validated ""The Run Date/Time Stamp cannot be later than the time message received in the channel""",,,
180,STP Lodgement CP08,PAYEVNT79,Payer Period Totals,The Payer Period Totals tuple must be provided,Documents.Header.Payer.Payroll.Totals,,,,
181,STP Lodgement CP09,PAYEVNT12,Payer Postcode,,Documents.Header.Payer.PostalAddress.PostcodeT,"country au, valid PostcodeT ""4001""",,,
182,STP Lodgement CP09,PAYEVNT103,Child Support Garnishee Amount,Child support amounts must not be provided before 1/10/2020,Documents.Header.Payer.Payroll.Totals,"PayRunDate ""2020-09-30""
ChildSupportGarnishee 9000",,,
183,STP Lodgement CP10,PAYEVNT12,Payer Postcode,,Documents.Header.Payer.PostalAddress.PostcodeT,"no country, valid PostcodeT ""4001""",,,
184,STP Lodgement CP10,PAYEVNT15,Payer E-mail Address,,Documents.Header.Payer.ContactDetails.Email,valid micro@soft.com,,,
185,STP Lodgement CP10,PAYEVNT2,Payer Australian Business Number,,Documents.Header.Payer.Abn,valid Abn 10000003784,,,
186,STP Lodgement CP11,PAYEVNT12,Payer Postcode,A valid postcode must be provided,Documents.Header.Payer.PostalAddress.PostcodeT,"no country, PostcodeT ""nah!""",,,
187,STP Lodgement CP11,PAYEVNT38,Payer Declaration Date,The date entered for Payer Declaration Date must not be later than today's date,Documents.Header.Payer.Declaration.Date,"Date ""2031-01-01""",,,
188,STP Lodgement CP11,PAYEVNT39,Payer Declaration Acceptance Indicator,Payer Declaration Acceptance Indicator must be 'TRUE',Documents.Header.Payer.Declaration.Declared,Declared false,,,
189,STP Lodgement CP11,PAYEVNT64,Intermediary ABN,Intermediary ABN is invalid,Documents.Header.Intermediary.Abn,"""Abn"": ""X10000000177""",,,
190,STP Lodgement CP11,PAYEVNT65,Registered Agent Number,Registered Agent Number is invalid,Documents.Header.Intermediary.AgentNumber,"""AgentNumber"": ""more than 8 is too big"",",,,
191,STP Lodgement CP11,PAYEVNT66,Intermediary E-mail Address,Email Address contains invalid text,Documents.Header.Intermediary.ContactDetails.Email,"""Email"": ""marvellous!"",",,,
192,STP Lodgement CP11,PAYEVNT42,Intermediary Declaration Date,The date entered for Intermediary Declaration Date must not be later than today's date,Documents.Header.Intermediary.Declaration.Date,"""Date"": ""2031-01-01""",,,
193,STP Lodgement CP11,PAYEVNT43,Intermediary Declaration Acceptance Indicator,Intermediary Declaration Acceptance Indicator must be 'TRUE',Documents.Header.Intermediary.Declaration.Declared,"""Declared"": false",,,
194,STP Lodgement CP12,PAYEVNTEMP224,Lump Sum Payments,Lump Sum Payments must be left blank,Documents.Employees[2].Payee.PayrollPeriod.RemunerationCollection[1].LumpSumCollection,"Lump Sum Payments data cannot be provided under a Voluntary Agreement, Labour Hire, or Other Specified Payments Income Type
VOL, R, employee 2 has Abn",,,
195,STP Lodgement CP12,PAYEVNTEMP224,Lump Sum Payments,Lump Sum Payments must be left blank,Documents.Employees[1].Payee.PayrollPeriod.RemunerationCollection[2].LumpSumCollection,"LAB, T, employee 1 has Tfn",,,
196,STP Lodgement CP12,PAYEVNTEMP224,Lump Sum Payments,Lump Sum Payments must be left blank,Documents.Employees[1].Payee.PayrollPeriod.RemunerationCollection[3].LumpSumCollection,"OSP, B",,,
197,STP Lodgement CP12,PAYEVNTEMP224,Lump Sum Payments,,Documents.Employees[1].Payee.PayrollPeriod.RemunerationCollection[4].LumpSumCollection[1],"SAW, D, W",,,
198,STP Lodgement CP12,PAYEVNTEMP271,Lump Sum Type Code,Lump Sum Type Code is invalid,Documents.Employees[1].Payee.PayrollPeriod.RemunerationCollection[4].LumpSumCollection[5],"Lump Sum Type Code must be one of the following values: R, T, B, D, W, or E
code empty",,,
199,STP Lodgement CP12,PAYEVNTEMP271,Lump Sum Type Code,Lump Sum Type Code is invalid,Documents.Employees[1].Payee.PayrollPeriod.RemunerationCollection[4].LumpSumCollection[6],"code ""x""",,,
200,STP Lodgement CP12,PAYEVNTEMP271,Lump Sum Type Code,Duplicate Lump Sum Type,Documents.Employees[1].Payee.PayrollPeriod.RemunerationCollection[4].LumpSumCollection[4],"There cannot be more than one of the following Lump Sum Type codes in the Income collection: R, T, B, D, or W
second D",,,
201,STP Lodgement CP12,PAYEVNTEMP271,Lump Sum Type Code,Limit of 10 Lump Sum E's reached,Documents.Employees[1].Payee.PayrollPeriod.RemunerationCollection[4].LumpSumCollection[16],Only 10 Lump Sum Type Codes with the value of E can be provided,,,
202,STP Lodgement CP12,PAYEVNTEMP271,Lump Sum Type Code,Lump Sum Type Code of W must not be provided before 1/7/2020,Documents.Employees[1].Payee.PayrollPeriod.RemunerationCollection[4].LumpSumCollection[2],Lump Sum Type Code of W must not be provided when Pay/Update Date is before 1/7/2020,,,
203,STP Lodgement CP12,PAYEVNTEMP271,Lump Sum Type Code,Lump Sum Type Code of B must not be provided for FEI Income Type,Documents.Employees[1].Payee.PayrollPeriod.RemunerationCollection[5].LumpSumCollection,"When an Income Stream Type Code is FEI, a Lump Sum Type Code of B cannot be provided",,,
204,STP Lodgement CP12,PAYEVNTEMP272,Lump Sum Financial Year,Lump Sum Financial Year must be left blank,Documents.Employees[1].Payee.PayrollPeriod.RemunerationCollection[2].LumpSumCollection[1],"When  Lump Sum Type Code isn't E, Lump Sum Financial Year must not be provided
Code T, financial year 0",,,
205,STP Lodgement CP12,PAYEVNTEMP272,Lump Sum Financial Year,Lump Sum Financial Year must be left blank,Documents.Employees[1].Payee.PayrollPeriod.RemunerationCollection[3].LumpSumCollection[1],"When  Lump Sum Type Code isn't E, Lump Sum Financial Year must not be provided
Code B, financial year 2012",,,
206,STP Lodgement CP12,PAYEVNTEMP272,Lump Sum Financial Year,Lump Sum Financial Year must be provided,Documents.Employees[1].Payee.PayrollPeriod.RemunerationCollection[4].LumpSumCollection[16],"When the Lump Sum Type Code is E, Lump Sum Financial Year must be provided
Code E, no financial year",,,
207,STP Lodgement CP12,PAYEVNTEMP272,Lump Sum Financial Year,Lump Sum Financial Year is invalid,Documents.Employees[1].Payee.PayrollPeriod.RemunerationCollection[4].LumpSumCollection[15],Lump Sum Financial Year must be within 10 years of the financial year of the Pay/Update Date and prior to the current financial year,,,
208,STP Lodgement CP12,PAYEVNTEMP272,Lump Sum Financial Year,Lump Sum Financial Year must be left blank,Documents.Employees[1].Payee.PayrollPeriod.RemunerationCollection[1].LumpSumCollection[1],"When  Lump Sum Type Code isn't E, Lump Sum Financial Year must not be provided",,,
209,STP Lodgement CP12,PAYEVNTEMP272,Lump Sum Financial Year,There cannot be any occurrence of Lump Sum Type E with the same lump sum financial year,Documents.Employees[1].Payee.PayrollPeriod.RemunerationCollection[4].LumpSumCollection[14],There cannot be any occurrence of Lump Sum Type E with the same lump sum financial year,,,
210,STP Lodgement CP12,PAYEVNTEMP273,Lump Sum Payment Amount,Lump Sum Payment Amount must not be negative,Documents.Employees[1].Payee.PayrollPeriod.RemunerationCollection[4].LumpSumCollection[3],Lump Sum Payment Amount may only be negative when Lump Sum Type Code is W,,,
211,STP Lodgement CP12,PAYEVNTEMP273,Lump Sum Payment Amount,,Documents.Employees[1].Payee.PayrollPeriod.RemunerationCollection[4].LumpSumCollection[2],Lump Sum Payment Amount may only be negative when Lump Sum Type Code is W,,,
212,STP Lodgement CP12,PAYEVNTEMP7,Allowance Type Code,Allowance Type Code is invalid,Documents.Employees[1].Payee.PayrollPeriod.RemunerationCollection[1].AllowanceCollection[1],"Allowance Type Code must be one of the following values: AD, CD, LD, MD, RD, OD, KN, QN or TD
Code ""Bt""",,,
213,STP Lodgement CP12,PAYEVNTEMP7,Allowance Type Code,Allowance Type Code is invalid,Documents.Employees[1].Payee.PayrollPeriod.RemunerationCollection[1].AllowanceCollection[2],"Code """"",,,
214,STP Lodgement CP12,PAYEVNTEMP7,Allowance Type Code,Duplicate Allowance Type,Documents.Employees[1].Payee.PayrollPeriod.RemunerationCollection[1].AllowanceCollection[2],,,,
215,STP Lodgement CP12,PAYEVNTEMP7,Allowance Type Code,,Documents.Employees[1].Payee.PayrollPeriod.RemunerationCollection[1].AllowanceCollection[3],"Code ""TD""",,,
216,STP Lodgement CP12,PAYEVNTEMP7,Allowance Type Code,Duplicate Allowance Type,Documents.Employees[1].Payee.PayrollPeriod.RemunerationCollection[1].AllowanceCollection[3],,,,
217,STP Lodgement CP12,PAYEVNTEMP7,Allowance Type Code,Duplicate Allowance Type,Documents.Employees[1].Payee.PayrollPeriod.RemunerationCollection[1].AllowanceCollection[4],"Only one of the valid Allowance Type Codes, other than OD, can be provided per Income Type
Code ""CD""",,,
218,STP Lodgement CP12,PAYEVNTEMP7,Allowance Type Code,More than 12 Other Allowance Types supplied for an Income Type,Documents.Employees[2].Payee.PayrollPeriod.RemunerationCollection[2].AllowanceCollection[14],"Where multiple Allowance data is provided, only a total of 12 Allowance Type Codes of OD can be provided per income type
OD, QN, OD",,,
219,STP Lodgement CP12,PAYEVNTEMP8,Other Allowance Type Description,Other Allowance Type Description must be entered when Allowance Type Code OD is selected,Documents.Employees[2].Payee.PayrollPeriod.RemunerationCollection[2].AllowanceCollection[3],"Other Allowance Type Description must be entered when Allowance Type Code ""OD"" is selected",,,
220,STP Lodgement CP12,PAYEVNTEMP8,Other Allowance Type Description,Other Allowance Type Description must be blank,Documents.Employees[2].Payee.PayrollPeriod.RemunerationCollection[2].AllowanceCollection[2],"Other Allowance Type Description must only be entered when Allowance Type Code ""OD"" is selected",,,
221,STP Lodgement CP12,,,,Documents.Employees[3],ALL OPTIONAL SECTIONS REMOVED,,,
222,STP Lodgement DS1,PAYEVNTEMP223,Termination Payments,Termination Payments must be left blank,Documents.Employees[1].Payee.PayrollPeriod.RemunerationCollection[1].EmploymentTerminationPaymentCollection,,,,
223,STP Lodgement DS1,PAYEVNTEMP34,ETP Code,Duplicate ETP codes and Payee ETP Payment Dates,Documents.Employees[1].Payee.PayrollPeriod.RemunerationCollection[1].EmploymentTerminationPaymentCollection[2].IncomeTaxPayAsYouGoWithholdingTypeC,,,,
224,STP Lodgement DS1,PAYEVNTEMP34,ETP Code,ETP Code is invalid,Documents.Employees[1].Payee.PayrollPeriod.RemunerationCollection[1].EmploymentTerminationPaymentCollection[3].IncomeTaxPayAsYouGoWithholdingTypeC,,,,
225,STP Lodgement DS1,PAYEVNTEMP34,ETP Code,ETP Code is invalid,Documents.Employees[1].Payee.PayrollPeriod.RemunerationCollection[1].EmploymentTerminationPaymentCollection[4].IncomeTaxPayAsYouGoWithholdingTypeC,,,,
226,STP Lodgement DS1,PAYEVNTEMP34,ETP Code,ETP Code is invalid,Documents.Employees[1].Payee.PayrollPeriod.RemunerationCollection[1].EmploymentTerminationPaymentCollection[5].IncomeTaxPayAsYouGoWithholdingTypeC,,,,
227,STP Lodgement DS1,PAYEVNTEMP123,Payee ETP Payment Date,ETP payment date must be in the same financial year as the Pay/Update Date,Documents.Employees[1].Payee.PayrollPeriod.RemunerationCollection[1].EmploymentTerminationPaymentCollection[5].IncomeD,,,,
228,STP Lodgement DS1,PAYEVNTEMP50,Payee Termination Payment Tax Free Component,ETP Tax Free or Taxable Component must be provided,Documents.Employees[1].Payee.PayrollPeriod.RemunerationCollection[1].EmploymentTerminationPaymentCollection[6].IncomeTaxFreeA,,,,
229,STP Lodgement DS1,PAYEVNTEMP51,Payee Termination Payment Taxable Component,Payee Termination Payment Taxable Component must be provided,Documents.Employees[1].Payee.PayrollPeriod.RemunerationCollection[1].EmploymentTerminationPaymentCollection[8].IncomeTaxable,,,,
230,STP Lodgement DS1,PAYEVNTEMP117,Payee Total ETP PAYGW Amount,Payee Total ETP PAYGW Amount must be provided,Documents.Employees[1].Payee.PayrollPeriod.RemunerationCollection[1].EmploymentTerminationPaymentCollection[9].IncomePayAsYouGoWithholding,,,,
231,STP Lodgement DS3 Update Header,PAYEVNT101,Previous BMS Identifier,Previous BMS Identifier can not be the same as BMS Identifier,Documents.Header.Payer.PreviousBmsId,"Both ""222""",,,
232,STP Lodgement DS3 Update Header,PAYEVNT69,Pay/Update Date,The date entered for Pay/Update Date must not be later than today's date,Documents.Header.Payer.Payroll.PayRunDate,Date = 07/2020,,,
233,STP Lodgement DS3 Update Header,PAYEVNT69,Pay/Update Date,You are finalising more than 50 percent of your records in the current financial year,Documents.Header.Payer.Payroll.PayRunDate,"flag = true on most of 14 payees, date = July",,,
234,STP Lodgement DS3 Update Header,PAYEVNT19,Full File Replacement Indicator,The Full File Replacement Indicator must be set to false,Documents.Header.Payer.Payroll.IsAmendment,set to true,,,
235,STP Lodgement DS3 Update Header,PAYEVNT79,Payer Period Totals,The Payer Period Totals tuple must not be provided,Documents.Header.Payer.Payroll.Totals,tuple provided,,,
236,STP Lodgement DS5 Submit,PAYEVNTEMP251,Previous Payee Payroll ID,Previous Payee Payroll Identifier must not be provided,Documents.Employees[1].Payee.Identifiers.PreviousEmployeeId,Payroll ID Provided,,,
237,STP Lodgement DS5 Submit,PAYEVNTEMP92,Payee Commencement Date,Payee Commencement Date must be provided,Documents.Employees[1].Payee.EmployerConditions.EmploymentStartDate,Payee Commencement Date missing,,,
238,STP Lodgement DS5 Submit,PAYEVNTEMP93,Payee Cessation Date,Payee Cessation Date must be provided,Documents.Employees[1].Payee.EmployerConditions.EmploymentEndDate,Payee Cessation Date missing,,,
239,STP Lodgement DS5 Submit,PAYEVNTEMP282,Employment Basis Code,Employment Basis Code must be provided,Documents.Employees[1].Payee.EmployerConditions.PaymentBasisCode,EBC missing,,,
240,STP Lodgement DS5 Submit,PAYEVNTEMP253,Cessation Reason Code,Cessation Reason Code must be provided,Documents.Employees[2].Payee.EmployerConditions.CessationTypeCode,Reason Code missing,,,
241,STP Lodgement DS5 Submit,PAYEVNTEMP254,Tax Treatment Code,The Tax Treatment code Death Benefit must have a valid Cessation Type Code and ETP code,Documents.Employees[3].Payee.EmployerConditions.TaxTreatmentCode,Invalid cessation type,,,
242,STP Lodgement DS5 Submit,PAYEVNTEMP254,Tax Treatment Code,The Tax Treatment code Death Benefit must have a valid Cessation Type Code and ETP code,Documents.Employees[4].Payee.EmployerConditions.TaxTreatmentCode,Invalid ETP code,,,
243,STP Lodgement DS5 Submit,PAYEVNTEMP254,Tax Treatment Code,The Tax Treatment code Voluntary Agreement must have a valid Income Stream Type,Documents.Employees[6].Payee.EmployerConditions.TaxTreatmentCode,Invalid Income Stream,,,
244,STP Lodgement DS5 Submit,PAYEVNTEMP254,Tax Treatment Code,The Tax Treatment code Working Holiday Maker must have a valid Income Stream Type,Documents.Employees[8].Payee.EmployerConditions.TaxTreatmentCode,Invalid Income Stream,,,
245,STP Lodgement DS5 Submit,PAYEVNTEMP254,Tax Treatment Code,The Tax Treatment code Seasonal Worker Programme must have a valid Income Stream Type,Documents.Employees[10].Payee.EmployerConditions.TaxTreatmentCode,Invalid Income Stream,,,
246,STP Lodgement DS5 Submit,PAYEVNTEMP29,Period Start Date,Invalid date,Documents.Employees[12].Payee.PayrollPeriod.PeriodBegins,Start date before 2016,,,
247,STP Lodgement DS5 Submit,PAYEVNTEMP30,Period End Date,Invalid date,Documents.Employees[13].Payee.PayrollPeriod.PeriodEnds,Start date after end date,,,
248,STP Lodgement DS5 Submit,PAYEVNTEMP51,Payee Termination Payment Taxable Component,Payee Termination Payment Taxable Component must be provided,Documents.Employees[14].Payee.PayrollPeriod.RemunerationCollection[1].EmploymentTerminationPaymentCollection[1].IncomeTaxable,Taxable Component Missing,,,
249,STP Lodgement DS5 Submit,PAYEVNTEMP254,Tax Treatment Code,,Documents.Employees[5].Payee.EmployerConditions.TaxTreatmentCode,Correct combination,,,
250,STP Lodgement DS5 Submit,PAYEVNTEMP254,Tax Treatment Code,,Documents.Employees[7].Payee.EmployerConditions.TaxTreatmentCode,Correct combination,,,
251,STP Lodgement DS5 Submit,PAYEVNTEMP254,Tax Treatment Code,,Documents.Employees[9].Payee.EmployerConditions.TaxTreatmentCode,Correct combination,,,
252,STP Lodgement DS5 Submit,PAYEVNTEMP254,Tax Treatment Code,,Documents.Employees[11].Payee.EmployerConditions.TaxTreatmentCode,Correct combination,,,
253,STP Lodgement DS5 Submit,PAYEVNTEMP50,Payee Termination Payment Tax Free Component,,Documents.Employees[15].Payee.PayrollPeriod.RemunerationCollection[1].EmploymentTerminationPaymentCollection[1].IncomeTaxFreeA,Correct combination,,,
254,STP Lodgement DS5 Submit,PAYEVNTEMP50,Payee Termination Payment Tax Free Component,ETP Tax Free or Taxable Component must be provided,Documents.Employees[15].Payee.PayrollPeriod.RemunerationCollection[1].EmploymentTerminationPaymentCollection[1].IncomeTaxFreeA,Both null,,,
255,STP Lodgement DS5 Submit,PAYEVNTEMP51,Payee Termination Payment Taxable Component,Payee Termination Payment Taxable Component must be provided,Documents.Employees[16].Payee.PayrollPeriod.RemunerationCollection[1].EmploymentTerminationPaymentCollection[1].IncomeTaxable,Paygw provided but no taxable component,,,
256,STP Lodgement DS5 Submit,PAYEVNTEMP51,Payee Termination Payment Taxable Component,Payee Termination Payment Taxable Component must be provided,Documents.Employees[15].Payee.PayrollPeriod.RemunerationCollection[1].EmploymentTerminationPaymentCollection[1].IncomeTaxable,,,,
257,STP Lodgement DS4 Update PreJuly2020,PAYEVNTEMP251,Previous Payee Payroll ID,Previous Payroll ID is invalid,Documents.Employees[1].Payee.Identifiers.PreviousEmployeeId,"Prev Employee ID = 001, same as Emp ID",,,
258,STP Lodgement DS4 Update PreJuly2020,PAYEVNTEMP29,Period Start Date,The Period Start Date must be within the same financial year as the Pay/Update Date,Documents.Employees[12].Payee.PayrollPeriod.PeriodBegins,"Period Start = ""2018-07-01"", Pay/Update = """"2020-06-01""""",,,
259,STP Lodgement DS4 Update PreJuly2020,PAYEVNTEMP30,Period End Date,The Period End Date must be the same as the Period Start Date,Documents.Employees[13].Payee.PayrollPeriod.PeriodEnds,"Period Start = 1/07/2021, Period Ends=""2021-10-08""",,,
260,STP Lodgement DS4 Update PreJuly2020,PAYEVNTEMP29,Period Start Date,The Period Start Date must be within the same financial year as the Pay/Update Date,Documents.Employees[15].Payee.PayrollPeriod.PeriodBegins,"Period Start = ""2015-01-01"", Pay/Update = ""2020-06-01""",,,
261,STP Lodgement DS4 Update PreJuly2020,PAYEVNTEMP257,Income Stream Type Code,"CHP, SWP and IAA cannot be provided before 1/7/2020",Documents.Employees[11].Payee.PayrollPeriod.RemunerationCollection[1].IncomeStreamTypeCode,,,,
262,STP Lodgement DS2 Update,PAYEVNTEMP251,Previous Payee Payroll ID,Previous Payroll ID is invalid,Documents.Employees[1].Payee.Identifiers.PreviousEmployeeId,"Prev Employee ID = 001, same as Emp ID",,,
263,STP Lodgement DS2 Update,PAYEVNTEMP92,Payee Commencement Date,Payee Commencement Date must be provided,Documents.Employees[1].Payee.EmployerConditions.EmploymentStartDate,Commencement Date missing,,,
264,STP Lodgement DS2 Update,PAYEVNTEMP93,Payee Cessation Date,Payee Cessation Date must be provided,Documents.Employees[1].Payee.EmployerConditions.EmploymentEndDate,Cessation Reason provided but no cessation date,,,
265,STP Lodgement DS2 Update,PAYEVNTEMP282,Employment Basis Code,Employment Basis Code must be provided,Documents.Employees[1].Payee.EmployerConditions.PaymentBasisCode,Employment Basis Code missing,,,
266,STP Lodgement DS2 Update,PAYEVNTEMP253,Cessation Reason Code,Cessation Reason Code must be provided,Documents.Employees[2].Payee.EmployerConditions.CessationTypeCode,Cessation ReDate provided but no cessation date,,,
267,STP Lodgement DS2 Update,PAYEVNTEMP254,Tax Treatment Code,The Tax Treatment code Death Benefit must have a valid Cessation Type Code and ETP code,Documents.Employees[3].Payee.EmployerConditions.TaxTreatmentCode,"Tax Treatment = ""DBXXXX"", Cessation Type=""F"", ETP=""D""",,,
268,STP Lodgement DS2 Update,PAYEVNTEMP254,Tax Treatment Code,The Tax Treatment code Death Benefit must have a valid Cessation Type Code and ETP code,Documents.Employees[4].Payee.EmployerConditions.TaxTreatmentCode,"Tax Treatment = ""DBXXXX"", Cessation Type=""D"", ETP=""P""",,,
269,STP Lodgement DS2 Update,PAYEVNTEMP254,Tax Treatment Code,,Documents.Employees[5].Payee.EmployerConditions.TaxTreatmentCode,"Tax Treatment = ""DBXXXX"", Cessation Type=""D"", ETP=""D"" (Positive Test)",,,
270,STP Lodgement DS2 Update,PAYEVNTEMP254,Tax Treatment Code,The Tax Treatment code Voluntary Agreement must have a valid Income Stream Type,Documents.Employees[6].Payee.EmployerConditions.TaxTreatmentCode,"Tax Treatment = ""VCXXXX"", Income Stream Types=""SAW"",""CHP""",,,
271,STP Lodgement DS2 Update,PAYEVNTEMP254,Tax Treatment Code,,Documents.Employees[7].Payee.EmployerConditions.TaxTreatmentCode,"Tax Treatment = ""VOXXXX"", Income Stream Type=""SAW"",""VOL""",,,
272,STP Lodgement DS2 Update,PAYEVNTEMP254,Tax Treatment Code,The Tax Treatment code Working Holiday Maker must have a valid Income Stream Type,Documents.Employees[8].Payee.EmployerConditions.TaxTreatmentCode,"Tax Treatment = ""HRXXXX"", Income Stream Type=""SAW""",,,
273,STP Lodgement DS2 Update,PAYEVNTEMP254,Tax Treatment Code,,Documents.Employees[9].Payee.EmployerConditions.TaxTreatmentCode,"Tax Treatment = ""HRXXXX"", Income Stream Type=""WHM"", (positive test)",,,
274,STP Lodgement DS2 Update,PAYEVNTEMP254,Tax Treatment Code,The Tax Treatment code Seasonal Worker Programme must have a valid Income Stream Type,Documents.Employees[10].Payee.EmployerConditions.TaxTreatmentCode,"Tax Treatment = ""WPXXXX"", Income Stream Type=""SAW""",,,
275,STP Lodgement DS2 Update,PAYEVNTEMP254,Tax Treatment Code,,Documents.Employees[11].Payee.EmployerConditions.TaxTreatmentCode,"Tax Treatment = ""WPXXXX"", Income Stream Type=""SWP"", (positive test)",,,
276,STP Lodgement DS2 Update,PAYEVNTEMP29,Period Start Date,The Period Start Date must be within the same financial year as the Pay/Update Date,Documents.Employees[12].Payee.PayrollPeriod.PeriodBegins,"Period Start = ""2018-07-01"", Pay/Update = ""2021-07-01""",,,
277,STP Lodgement DS2 Update,PAYEVNTEMP30,Period End Date,The Period End Date must be the same as the Period Start Date,Documents.Employees[13].Payee.PayrollPeriod.PeriodEnds,"Period Start = 1/07/2021, Period Ends=""2021-10-08""",,,
278,STP Lodgement DS2 Update,PAYEVNTEMP51,Payee Termination Payment Taxable Component,Payee Termination Payment Taxable Component must be provided,Documents.Employees[14].Payee.PayrollPeriod.RemunerationCollection[1].EmploymentTerminationPaymentCollection[1].IncomeTaxable,"Pay/Update = ""2021-07-01"", ETP PAYGW=20, ETP Taxable = null",,,
279,STP Lodgement DS2 Update,PAYEVNTEMP29,Period Start Date,The Period Start Date must be within the same financial year as the Pay/Update Date,Documents.Employees[15].Payee.PayrollPeriod.PeriodBegins,"Period Start = ""2015-01-01"", Pay/Update = ""2021-07-01""",,,
280,STP Lodgement DS2 Update,PAYEVNTEMP50,Payee Termination Payment Tax Free Component,,Documents.Employees[15].Payee.PayrollPeriod.RemunerationCollection[1].EmploymentTerminationPaymentCollection[1].IncomeTaxFreeA,"Pay/Update = ""2021-07-01"", ETP PAYGW=20, ETP Taxable =40 (positive test)",,,
281,STP_Lodgement_PayEvent_263,PAYEVNTEMP263,Overtime Amount,Overtime Amount must be left blank,Documents.Employees[1].Payee.PayrollPeriod.RemunerationCollection[1].OvertimePayment,"257 - VOL
263 - ""500""

""PaymentBasisCode"": V
TaxTreatmentCode VOXXXX
IncomeStreamTypeCode VOL
				",,,
282,STP_Lodgement_PayEvent_263,PAYEVNTEMP263,Overtime Amount,Overtime Amount must be left blank,Documents.Employees[2].Payee.PayrollPeriod.RemunerationCollection[1].OvertimePayment,"257 - LAB
263 - ""value""

""PaymentBasisCode"": V
TaxTreatmentCode 
IncomeStreamTypeCode LAB",,,
283,STP_Lodgement_PayEvent_263,PAYEVNTEMP263,Overtime Amount,Overtime Amount must be left blank,Documents.Employees[3].Payee.PayrollPeriod.RemunerationCollection[1].OvertimePayment,"257 - OSP
263 - ""value""",,,
284,STP_Lodgement_PayEvent_263,PAYEVNTEMP263,Overtime Amount,,Documents.Employees[4].Payee.PayrollPeriod.RemunerationCollection[1].OvertimePayment,"257 - VOL
263 - """"",,,
285,STP_Lodgement_PayEvent_263,PAYEVNTEMP263,Overtime Amount,,Documents.Employees[5].Payee.PayrollPeriod.RemunerationCollection[1].OvertimePayment,"257 - LAB
263 - """"",,,
286,STP_Lodgement_PayEvent_263,PAYEVNTEMP263,Overtime Amount,,Documents.Employees[6].Payee.PayrollPeriod.RemunerationCollection[1].OvertimePayment,"257 - OSP
263 - """"",,,
287,STP_Lodgement_PayEvent_263,PAYEVNTEMP262,Bonuses and Commissions Amount,Bonuses and Commissions Amount must be left blank,Documents.Employees[7].Payee.PayrollPeriod.RemunerationCollection[1].GrossBonusesAndCommissions,"257 - VOL
262 - ""value""",,,
288,STP_Lodgement_PayEvent_263,PAYEVNTEMP262,Bonuses and Commissions Amount,Bonuses and Commissions Amount must be left blank,Documents.Employees[8].Payee.PayrollPeriod.RemunerationCollection[1].GrossBonusesAndCommissions,"257 - LAB
262 - ""value""",,,
289,STP_Lodgement_PayEvent_263,PAYEVNTEMP262,Bonuses and Commissions Amount,Bonuses and Commissions Amount must be left blank,Documents.Employees[9].Payee.PayrollPeriod.RemunerationCollection[1].GrossBonusesAndCommissions,"257 - OSP
262 - ""value""",,,
290,STP_Lodgement_PayEvent_263,PAYEVNTEMP262,Bonuses and Commissions Amount,,Documents.Employees[10].Payee.PayrollPeriod.RemunerationCollection[1].GrossBonusesAndCommissions,"257 - VOL
262 - """"",,,
291,STP_Lodgement_PayEvent_263,PAYEVNTEMP262,Bonuses and Commissions Amount,,Documents.Employees[11].Payee.PayrollPeriod.RemunerationCollection[1].GrossBonusesAndCommissions,"257 - LAB
262 - """"",,,
292,STP_Lodgement_PayEvent_263,PAYEVNTEMP262,Bonuses and Commissions Amount,,Documents.Employees[12].Payee.PayrollPeriod.RemunerationCollection[].GrossBonusesAndCommissions,"257 - OSP
262 - """"",,,
293,STP_Lodgement_PayEvent_263,PAYEVNTEMP264,Directors' Fees Amount,Directors' Fees Amount must be left blank,Documents.Employees[13].Payee.PayrollPeriod.RemunerationCollection[1].GrossDirectorsFees,"257 - VOL
264 - value",,,
294,STP_Lodgement_PayEvent_263,PAYEVNTEMP264,Directors' Fees Amount,Directors' Fees Amount must be left blank,Documents.Employees[14].Payee.PayrollPeriod.RemunerationCollection[1].GrossDirectorsFees,"257 - WHM
264 - value",,,
295,STP_Lodgement_PayEvent_263,PAYEVNTEMP264,Directors' Fees Amount,Directors' Fees Amount must be left blank,Documents.Employees[15].Payee.PayrollPeriod.RemunerationCollection[1].GrossDirectorsFees,"257 - SWP
264 - value",,,
296,STP_Lodgement_PayEvent_263,PAYEVNTEMP264,Directors' Fees Amount,Directors' Fees Amount must be left blank,Documents.Employees[16].Payee.PayrollPeriod.RemunerationCollection[1].GrossDirectorsFees,"257 - LAB
264 - value",,,
297,STP_Lodgement_PayEvent_263,PAYEVNTEMP264,Directors' Fees Amount,Directors' Fees Amount must be left blank,Documents.Employees[17].Payee.PayrollPeriod.RemunerationCollection[1].GrossDirectorsFees,"257 - OSP
264 - ",,,
298,STP_Lodgement_PayEvent_263,PAYEVNTEMP264,Directors' Fees Amount,,Documents.Employees[18].Payee.PayrollPeriod.RemunerationCollection[1].GrossDirectorsFees,"257 - VOL
264 - ",,,
299,STP_Lodgement_PayEvent_263,PAYEVNTEMP264,Directors' Fees Amount,,Documents.Employees[19].Payee.PayrollPeriod.RemunerationCollection[1].GrossDirectorsFees,"257 - WHM
264 - ",,,
300,STP_Lodgement_PayEvent_263,PAYEVNTEMP264,Directors' Fees Amount,,Documents.Employees[20].Payee.PayrollPeriod.RemunerationCollection[1].GrossDirectorsFees,"257 - SWP
264 - ",,,
301,STP_Lodgement_PayEvent_263,PAYEVNTEMP264,Directors' Fees Amount,,Documents.Employees[21].Payee.PayrollPeriod.RemunerationCollection[1].GrossDirectorsFees,"257 - LAB
264 - ",,,
302,STP_Lodgement_PayEvent_263,PAYEVNTEMP264,Directors' Fees Amount,,Documents.Employees[22].Payee.PayrollPeriod.RemunerationCollection[1].GrossDirectorsFees,"257 - OSP
264 - ",,,
303,STP_Lodgement_PayEvent_92,PAYEVNTEMP92,Payee Commencement Date,,Documents.Employees[1].Payee.EmployerConditions.EmploymentStartDate,(^PAYEVNT69 > 30/6/2020 AND (^PAYEVNTEMP92 <> 1/1/1800 AND ^PAYEVNTEMP92 < 1/1/1950)),,,
304,STP_Lodgement_PayEvent_92,PAYEVNTEMP92,Payee Commencement Date,,Documents.Employees[2].Payee.EmployerConditions.EmploymentStartDate,"(^PAYEVNTEMP92) > (AddMonthsToDate(Today(), 12))",,,
305,STP_Lodgement_PayEvent_92,PAYEVNTEMP92,Payee Commencement Date,,Documents.Employees[3].Payee.EmployerConditions.EmploymentStartDate,(^PAYEVNTEMP92 = NULL),,,
306,STP_Lodgement_PayEvent_93,PAYEVNTEMP93,Payee Cessation Date,Cessation date cannot be before the Commencement Date,Documents.Employees[1].Payee.EmployerConditions.EmploymentEndDate,"""EmploymentStartDate"": ""2020-05-01"",
""EmploymentEndDate"": ""2020-04-01"",
""PeriodBegins"": ""2020-07-01"",
 ""PeriodEnds"": ""2020-07-31"",


",,,
307,STP_Lodgement_PayEvent_93,PAYEVNTEMP93,Payee Cessation Date,Cessation date cannot be before the Commencement Date,Documents.Employees[2].Payee.EmployerConditions.EmploymentEndDate,"""EmploymentStartDate"": ""2020-05-01"",
""EmploymentEndDate"": ""2020-04-01"",
""PeriodBegins"": ""2020-07-02"",
 ""PeriodEnds"": ""2020-07-31"",
",,,
308,STP_Lodgement_PayEvent_93,PAYEVNTEMP93,Payee Cessation Date,Cessation date cannot be before the Commencement Date,Documents.Employees[3].Payee.EmployerConditions.EmploymentEndDate,"""EmploymentStartDate"": ""2021-05-01"",
""EmploymentEndDate"": ""2021-04-01"",
""PeriodBegins"": ""2020-07-01"",
 ""PeriodEnds"": ""2020-07-31"",

",,,
309,STP_Lodgement_PayEvent_93,PAYEVNTEMP93,Payee Cessation Date,,Documents.Employees[4].Payee.EmployerConditions.EmploymentEndDate,"""EmploymentStartDate"": ""2020-05-01"",
""EmploymentEndDate"": ""2020-04-01"",
""PeriodBegins"": ""2020-06-30"",
 ""PeriodEnds"": ""2020-06-30"",


",,,
310,STP_Lodgement_PayEvent_93,PAYEVNTEMP93,Payee Cessation Date,,Documents.Employees[5].Payee.EmployerConditions.EmploymentEndDate,"""EmploymentStartDate"": ""2020-05-01"",
""EmploymentEndDate"": ""2020-04-01"",
""PeriodBegins"": ""2020-06-29"",
 ""PeriodEnds"": ""2020-06-30"",

",,,
311,STP_Lodgement_PayEvent_93,PAYEVNTEMP93,Payee Cessation Date,,Documents.Employees[6].Payee.EmployerConditions.EmploymentEndDate,"""EmploymentStartDate"": ""2021-05-01"",
""EmploymentEndDate"": ""2031-04-01"",",,,
312,STP_Lodgement_PayEvent_93,PAYEVNTEMP93,Payee Cessation Date,Payee Cessation Date cannot be more than 10 years in the future,Documents.Employees[7].Payee.EmployerConditions.EmploymentEndDate,"""EmploymentStartDate"": ""2021-05-01"",
""EmploymentEndDate"": ""2032-04-01"",",,,
313,STP_Lodgement_PayEvent_93,PAYEVNTEMP93,Payee Cessation Date,,Documents.Employees[8].Payee.EmployerConditions.EmploymentEndDate,"""EmploymentEndDate"": ""2030-04-01"",",,,
314,STP_Lodgement_PayEvent_93,PAYEVNTEMP93,Payee Cessation Date,Payee Cessation Date must be provided,Documents.Employees[9].Payee.EmployerConditions.EmploymentEndDate,"""CessationTypeCode"": ""V"",
 ""EmploymentEndDate"": """",
",,,
315,STP_Lodgement_PayEvent_93,PAYEVNTEMP93,Payee Cessation Date,Payee Cessation Date must be provided,Documents.Employees[10].Payee.EmployerConditions.EmploymentEndDate,"""CessationTypeCode"": ""I"",
 ""EmploymentEndDate"": """",",,,
316,STP_Lodgement_PayEvent_93,PAYEVNTEMP93,Payee Cessation Date,Payee Cessation Date must be provided,Documents.Employees[11].Payee.EmployerConditions.EmploymentEndDate,"""CessationTypeCode"": ""D"",
 ""EmploymentEndDate"": """",",,,
317,STP_Lodgement_PayEvent_93,PAYEVNTEMP93,Payee Cessation Date,Payee Cessation Date must be provided,Documents.Employees[12].Payee.EmployerConditions.EmploymentEndDate,"""CessationTypeCode"": ""C"",
 ""EmploymentEndDate"": """",",,,
318,STP_Lodgement_PayEvent_93,PAYEVNTEMP93,Payee Cessation Date,Payee Cessation Date must be provided,Documents.Employees[13].Payee.EmployerConditions.EmploymentEndDate,"""CessationTypeCode"": ""T"",
 ""EmploymentEndDate"": """",",,,
319,STP_Lodgement_PayEvent_253,PAYEVNTEMP253,Cessation Reason Code,Cessation Reason Code is invalid,Documents.Employees[1].Payee.EmployerConditions.CessationTypeCode,CessationTypeCode  Z,,,
320,STP_Lodgement_PayEvent_253,PAYEVNTEMP253,Cessation Reason Code,Cessation Reason Code is invalid,Documents.Employees[2].Payee.EmployerConditions.CessationTypeCode,CessationTypeCode  a,,,
321,STP_Lodgement_PayEvent_253,PAYEVNTEMP253,Cessation Reason Code,Cessation Reason Code must be provided,Documents.Employees[3].Payee.EmployerConditions.CessationTypeCode,"PayRunDate is 2019-06-30
EmploymentEndDate is 2020-07-23
CessationTypeCode is  Z",,,
322,STP_Lodgement_PayEvent_282,PAYEVNTEMP282,Employment Basis Code,Employment Basis Code must be provided,Documents.Employees[1].Payee.EmployerConditions.PaymentBasisCode,"""PaymentBasisCode"" = NULL


",,,
323,STP_Lodgement_PayEvent_282,PAYEVNTEMP282,Employment Basis Code,Employment Basis Code is invalid,Documents.Employees[2].Payee.EmployerConditions.PaymentBasisCode,"PaymentBasisCode = ""X""",,,
324,STP_Lodgement_PayEvent_282,PAYEVNTEMP282,Employment Basis Code,,Documents.Employees[3].Payee.EmployerConditions.PaymentBasisCode,"PaymentBasisCode = ""P""",,,
325,STP_Lodgement_PayEvent_282,PAYEVNTEMP282,Employment Basis Code,,Documents.Employees[4].Payee.EmployerConditions.PaymentBasisCode,"
""PaymentBasisCode"" = ""C""",,,
326,STP_Lodgement_PayEvent_282,PAYEVNTEMP282,Employment Basis Code,,Documents.Employees[5].Payee.EmployerConditions.PaymentBasisCode,"
""PaymentBasisCode"" = ""F""",,,
327,STP_Lodgement_PayEvent_282,PAYEVNTEMP282,Employment Basis Code,,Documents.Employees[6].Payee.EmployerConditions.PaymentBasisCode,"

""PaymentBasisCode"" = ""D""",,,
328,STP_Lodgement_PayEvent_282,PAYEVNTEMP282,Employment Basis Code,Income Stream code VOL must be provided when Voluntary Agreement Employment Basis used,Documents.Employees[7].Payee.EmployerConditions.PaymentBasisCode,"""PaymentBasisCode"" = ""V""
""IncomeStreamTypeCode"": NULL


",,,
329,STP_Lodgement_PayEvent_282,PAYEVNTEMP257,Income Stream Type Code,Income Stream Type Code is invalid,Documents.Employees[7].Payee.PayrollPeriod.RemunerationCollection[1].IncomeStreamTypeCode,,,,
330,STP_Lodgement_PayEvent_282,PAYEVNTEMP282,Employment Basis Code,Income Stream code VOL must be provided when Voluntary Agreement Employment Basis used,Documents.Employees[8].Payee.EmployerConditions.PaymentBasisCode,"""PaymentBasisCode"" = ""V""
""IncomeStreamTypeCode"": ""SAW"",",,,
331,STP_Lodgement_PayEvent_282,PAYEVNTEMP282,Employment Basis Code,,Documents.Employees[9].Payee.EmployerConditions.PaymentBasisCode,"""PaymentBasisCode"" = ""V""
""IncomeStreamTypeCode"": ""VOL"",",,,
332,STP_Lodgement_PayEvent_282,PAYEVNTEMP282,Employment Basis Code,Contractor ABN must be provided when an Employment Basis Code is N,Documents.Employees[10].Payee.EmployerConditions.PaymentBasisCode,"""PaymentBasisCode"" = ""N""
""Abn"": null,",,,
333,STP_Lodgement_PayEvent_282,PAYEVNTEMP282,Employment Basis Code,,Documents.Employees[11].Payee.EmployerConditions.PaymentBasisCode,"""PaymentBasisCode"" = ""N""
""Abn"": ""43096702635"",",,,
334,STP_Lodgement_PayEvent_282,PAYEVNTEMP282,Employment Basis Code,The Tax Treatment Code must be DZXXXX when the Employment Basis Code is N,Documents.Employees[12].Payee.EmployerConditions.PaymentBasisCode,"""PaymentBasisCode"" = ""N""
""TaxTreatmentCode"": ""RNXXXX"",",,,
335,STP_Lodgement_PayEvent_282,PAYEVNTEMP282,Employment Basis Code,,Documents.Employees[13].Payee.EmployerConditions.PaymentBasisCode,"""PaymentBasisCode"" = ""N""
""TaxTreatmentCode"": ""DZXXXX"",",,,
336,STP_Lodgement_PayEvent_282,PAYEVNTEMP282,Employment Basis Code,,Documents.Employees[14].Payee.EmployerConditions.PaymentBasisCode,"PaymentBasisCode = ""C""
""PayRunDate"": ""2020-06-30"",",,,
337,STP_Lodgement_PayEvent_282,PAYEVNTEMP282,Employment Basis Code,,Documents.Employees[15].Payee.EmployerConditions.PaymentBasisCode,"PaymentBasisCode = ""N""
""PayRunDate"": ""2020-07-01"",",,,
338,STP_Lodgement_PayEvent_282,PAYEVNTEMP282,Employment Basis Code,Employment Basis Code must be provided,Documents.Employees[16].Payee.EmployerConditions.PaymentBasisCode,"PaymentBasisCode = ""NULL""
""PayRunDate"": ""2020-07-01"",",,,
339,STP_Lodgement_PayEvent_282,PAYEVNTEMP282,Employment Basis Code,Employment Basis Code must be provided,Documents.Employees[17].Payee.EmployerConditions.PaymentBasisCode,"PaymentBasisCode = ""NULL""
""PayRunDate"": ""2020-06-30"",",,,
340,STP_Lodgement_PayEvent_282,PAYEVNTEMP282,Employment Basis Code,"When Employment Basis Code is N, only a Super Liability Type of L can be provided",Documents.Employees[18].Payee.EmployerConditions.PaymentBasisCode,"PaymentBasisCode = ""N""
""IncomeStreamTypeCode"": ""SAW"",",,,
341,STP_Lodgement_PayEvent_282,PAYEVNTEMP282,Employment Basis Code,"When Employment Basis Code is N, only a Super Liability Type of L can be provided",Documents.Employees[19].Payee.EmployerConditions.PaymentBasisCode,"PaymentBasisCode = ""N""
""IncomeStreamTypeCode"": ""VOL"",",,,
342,STP_Lodgement_PayEvent_282,PAYEVNTEMP257,Income Stream Type Code,Income Stream Type Code is invalid,Documents.Employees[19].Payee.PayrollPeriod.RemunerationCollection[1].IncomeStreamTypeCode,,,,
343,STP_Lodgement_PayEvent_282,PAYEVNTEMP282,Employment Basis Code,"When Employment Basis Code is N, only a Super Liability Type of L can be provided",Documents.Employees[20].Payee.EmployerConditions.PaymentBasisCode,"PaymentBasisCode = ""N""
""FringeBenefitsReportableAmount"": 500
",,,
344,STP_Lodgement_PayEvent_282,PAYEVNTEMP282,Employment Basis Code,"When Employment Basis Code is N, only a Super Liability Type of L can be provided",Documents.Employees[21].Payee.EmployerConditions.PaymentBasisCode,"PaymentBasisCode = ""N""
""EmployerContributionsYearToDateAmount"": - 500",,,
345,STP_Lodgement_PayEvent_282,PAYEVNTEMP282,Employment Basis Code,"When Employment Basis Code is N, only a Super Liability Type of L can be provided",Documents.Employees[22].Payee.EmployerConditions.PaymentBasisCode,"PaymentBasisCode = N
""EntitlementTypeCode"": """"",,,
346,STP_Lodgement_PayEvent_282,PAYEVNTEMP282,Employment Basis Code,"When Employment Basis Code is N, only a Super Liability Type of L can be provided",Documents.Employees[23].Payee.EmployerConditions.PaymentBasisCode,"PaymentBasisCode = N
""EntitlementTypeCode"": ""O""",,,
347,STP_Lodgement_PayEvent_282,PAYEVNTEMP282,Employment Basis Code,"When Employment Basis Code is N, only a Super Liability Type of L can be provided",Documents.Employees[24].Payee.EmployerConditions.PaymentBasisCode,"PaymentBasisCode = N
""EntitlementTypeCode"": ""R""",,,
348,STP_Lodgement_PayEvent_282,PAYEVNTEMP283,Super Entitlement Type Code,Super Entitlement Type Code is Invalid,Documents.Employees[24].Payee.PayrollPeriod.SuperannuationContributionCollection[1].EntitlementTypeCode,,,,
349,STP_Lodgement_PayEvent_282,PAYEVNTEMP283,Super Entitlement Type Code,A Super Entitlement Type Code of L or O must be provided,Documents.Employees[24].Payee.PayrollPeriod.SuperannuationContributionCollection[1].EntitlementTypeCode,,,,
350,STP_Lodgement_PayEvent_282,PAYEVNTEMP282,Employment Basis Code,,Documents.Employees[25].Payee.EmployerConditions.PaymentBasisCode,"PaymentBasisCode = N
""EntitlementTypeCode"": ""L""",,,
,,,,,,,,,
,,,,,,,,,
,,,,,,,,,
,,,,,,,,,
,,,,,,,,,
,,,,,,,,,
,,,,,,,,,
,,,,,,,,,
,,,,,,,,,
,,,,,,,,,
,,,,,,,,,
,,,,,,,,,
,,,,,,,,,
,,,,,,,,,
,,,,,,,,,
,,,,,,,,,
,,,,,,,,,
,,,,,,,,,
,,,,,,,,,
,,,,,,,,,
,,,,,,,,,
,,,,,,,,,
,,,,,,,,,
,,,,,,,,,
,,,,,,,,,
,,,,,,,,,
,,,,,,,,,
,,,,,,,,,
,,,,,,,,,
,,,,,,,,,
,,,,,,,,,
,,,,,,,,,
,,,,,,,,,
,,,,,,,,,
,,,,,,,,,
,,,,,,,,,
,,,,,,,,,
,,,,,,,,,
,,,,,,,,,
,,,,,,,,,
,,,,,,,,,
,,,,,,,,,
,,,,,,,,,
,,,,,,,,,
,,,,,,,,,
,,,,,,,,,
,,,,,,,,,
,,,,,,,,,
,,,,,,,,,
,,,,,,,,,
,,,,,,,,,
,,,,,,,,,
,,,,,,,,,
,,,,,,,,,
,,,,,,,,,
,,,,,,,,,
,,,,,,,,,
,,,,,,,,,
,,,,,,,,,
,,,,,,,,,
,,,,,,,,,
,,,,,,,,,
,,,,,,,,,
,,,,,,,,,
,,,,,,,,,
,,,,,,,,,
,,,,,,,,,
,,,,,,,,,
,,,,,,,,,
,,,,,,,,,
,,,,,,,,,
,,,,,,,,,
,,,,,,,,,
,,,,,,,,,
,,,,,,,,,
,,,,,,,,,
,,,,,,,,,
,,,,,,,,,
,,,,,,,,,
,,,,,,,,,
,,,,,,,,,
,,,,,,,,,
,,,,,,,,,
,,,,,,,,,
,,,,,,,,,
,,,,,,,,,
,,,,,,,,,
,,,,,,,,,
,,,,,,,,,
,,,,,,,,,
,,,,,,,,,
,,,,,,,,,
,,,,,,,,,
,,,,,,,,,
,,,,,,,,,
,,,,,,,,,
,,,,,,,,,
